รหัสพัสดุ,ชื่อพัสดุ,หน่วย,ราคากลาง,ราคามาตรฐาน,Ref_เหนือ,Ref_อีสาน,Ref_กลาง,Ref_ใต้,Std_เหนือ,Std_อีสาน,Std_กลาง,Std_ใต้
1000000002,"POLE,WOOD,10 M.LONG",EA,,1840,,,,,,,,
1000000003,"POLE,WOOD 12 M",EA,,4020,,,,,,,,
1000000004,"POLE,WOOD 14 M",EA,,5860,,,,,,,,
1000010000,POLE 6 M.,EA,,,,,,,750,750,500,750
1000010001,POLE 8 M.,EA,,,1765,1727,1739,1800,1765,1727,1739,1800
1000010002,POLE  9 M.,EA,,,2304,2257,2269,2346,2304,2257,2269,2346
1000010003,"POLE,CONCRETE,12 M.LONG FOR 11 AND 22 KV",EA,,,,,,,3780,3780,3780,3780
1000010004,POLE 12 M.,EA,,,5650,5548,5565,5743,5650,5548,5565,5743
1000010005,"POLE,CONCRETE,14 M.LONG FOR 11 AND 22 KV",EA,,,,,,,2931,2931,2931,2931
1000010006,POLE 14 M.,EA,,,8058,7902,7938,8199,8058,7902,7938,8199
1000010008,POLE 16 M.,EA,,,11260,11050,11090,11450,11260,11050,11090,11450
1000010011,POLE 22 M.,EA,,,,,,,25200,24910,25040,25840
1000010012,POLE 12.2 M.,EA,,,8603,8441,8472,8749,8603,8441,8472,8749
1000010013,POLE 14.3 M.,EA,,,13990,13730,13770,14210,13990,13730,13770,14210
1000010014,POLE 9.30 M.,EA,,,3740,3677,3680,3796,3740,3677,3680,3796
1000010015,POLE 22 M WITH GROUND PLATE 1 SIDE,EA,,,,,,,26060,25770,25950,26790
1000010016,POLE 22 M WITH GROUND PLATE 2 SIDES,EA,,,28920,28390,28470,29300,28920,28390,28470,29300
1000010017,POLE 12 M. WITH CORROSSION RESISTANCE,EA,,,,,,,6546,6432,6455,6635
1000010018,POLE 22 M 25 T.M. WITH GROUND PLATE,EA,,,,,,,43660,42700,44700,43680
1000010021,POLE 9 M CORROSION-RESISTANT,EA,,,,,,,2508,2466,2435,2601
1000010022,POLE 12.20 M CORROSION-RESISTANT,EA,,,,,,,9295,9146,9034,9609
1000010023,POLE 22.00 M CORROSION-RESISTANT,EA,,,,,,,31320,30840,30510,32180
1000020001,STUB 0.25X0.25 M. 3.5 M.LONG,EA,,,1330,1294,1310,1361,1330,1294,1310,1361
1000020002,STUB 0.25X0.25 M. 4.5 M.LONG,EA,,,1697,1652,1672,1737,1697,1652,1672,1737
1000020003,STUB 0.25X0.25 M. 5.5 M.LONG,EA,,,2064,2008,2033,2112,2064,2008,2033,2112
1000020004,STUB 0.25X0.25X3.50M CORROSION-RESISTANT,EA,,,,,,,1499,1465,1448,1570
1000020005,STUB 0.25X0.25X4.50M CORROSION-RESISTANT,EA,,,,,,,1908,1866,1844,1999
1000020006,STUB 0.25X0.25X5.50M CORROSION-RESISTANT,EA,,,,,,,2323,2272,2244,2433
1000020102,STUB 0.30X0.30 M. 4.5 M.LONG,EA,,,2698,2631,2657,2756,2698,2631,2657,2756
1000020103,STUB 0.30X0.30 M. 5.5 M.LONG,EA,,,3283,3202,3233,3353,3283,3202,3233,3353
1000020104,STUB 0.30X0.30 M. 6.5 M.LONG,EA,,,3881,3786,3823,3964,3881,3786,3823,3964
1000020106,STUB 0.3X0.3x6.5M. CORROSSION RESISTANCE,EA,,,,,,,4586,4481,4525,4664
1000020107,STUB 0.3X0.3x5.5M. CORROSSION RESISTANCE,EA,,,,,,,3881,3790,3830,3948
1000020108,STUB 0.30X0.30X4.50M CORROSION-RESISTANT,EA,,,,,,,3000,2938,2902,3131
1000020201,STUB 0.35X0.35 M. 4.5 M.LONG,EA,,,3433,3344,3382,3511,3433,3344,3382,3511
1000020202,STUB 0.35X0.35 M. 5.5 M.LONG,EA,,,4160,4052,4098,4254,4160,4052,4098,4254
1000020204,STUB 0.35X0.35 M. 6.5 M.LONG,EA,,,4924,4799,4854,5037,4924,4799,4854,5037
1000020300,STUB 0.40X0.40 M. 5.5 M.LONG,EA,,,5189,5058,5113,5305,5189,5058,5113,5305
1000020301,STUB 0.40X0.40 M. 6.5 M.LONG,EA,,,6073,5919,5981,6206,6073,5919,5981,6206
1000020302,STUB 0.40X0.40 M. 7.5 M.LONG,EA,,,7005,6829,6899,7157,7005,6829,6899,7157
1000020400,STUB 0.36X0.36 M. 4.5 M.LONG,EA,,,3956,3859,3896,4039,3956,3859,3896,4039
1000020401,STUB 0.36X0.36 M. 5.5 M.LONG,EA,,,4798,4680,4724,4898,4798,4680,4724,4898
1000020402,STUB 0.36X0.36 M. 6.5 M.LONG,EA,,,5684,5546,5597,5802,5684,5546,5597,5802
1000020403,STUB 0.36X0.36X4.50M CORROSION-RESISTANT,EA,,,,,,,4389,4301,4247,4578
1000020404,STUB 0.36X0.36X5.50M CORROSION-RESISTANT,EA,,,,,,,5327,5219,5154,5556
1000020405,STUB 0.36X0.36X6.50M CORROSION-RESISTANT,EA,,,,,,,6303,6177,6100,6572
1000020500,STUB 0.41X0.41 M. 5.5 M.LONG,EA,,,5856,5714,5766,5978,5856,5714,5766,5978
1000020501,STUB 0.41X0.41 M. 6.5 M.LONG,EA,,,6876,6710,6771,7019,6876,6710,6771,7019
1000020502,STUB 0.41X0.41 M. 7.5 M.LONG,EA,,,7851,7661,7730,8014,7851,7661,7730,8014
1000030000,PILE 0.44X0.44X8.5 M. 10 T-M. (T1),EA,,,8199,7973,8076,8393,8199,7973,8076,8393
1000030001,PILE 0.44X0.44X8.5 M. 10 T-M. (T2),EA,,,8580,8339,8461,8766,8580,8339,8461,8766
1000030002,PILE 0.44X0.44X8.5 M. 10 T-M. (T3),EA,,,8714,8488,8589,8910,8714,8488,8589,8910
1000030003,PILE 0.44X0.44X8.5 M. 10 T-M. (T4),EA,,,9095,8855,8974,9283,9095,8855,8974,9283
1000030004,PILE 0.44X0.44X6.5 M. 10 T-M. (T1),EA,,,6429,6254,6334,6580,6429,6254,6334,6580
1000030005,PILE 0.44X0.44X6.5 M. 10 T-M. (T2),EA,,,6810,6620,6719,6953,6810,6620,6719,6953
1000030006,PILE 0.44X0.44X6.5 M. 10 T-M. (T3),EA,,,6881,6706,6784,7033,6881,6706,6784,7033
1000030007,PILE 0.44X0.44X6.5 M. 10 T-M. (T4),EA,,,7262,7072,7169,7406,7262,7072,7169,7406
1000030008,PILE 0.44X0.44X8.5 M. 14 T-M. (T1),EA,,,10430,10190,10270,10640,10430,10190,10270,10640
1000030009,PILE 0.44X0.44X8.5 M. 14 T-M. (T2),EA,,,10810,10560,10650,11010,10810,10560,10650,11010
1000030010,PILE 0.44X0.44X8.5 M. 14 T-M (T3),EA,,,10950,10710,10780,11150,10950,10710,10780,11150
1000030011,PILE 0.44X0.44X8.5 M. 14 T-M. (T4),EA,,,11330,11080,11170,11530,11330,11080,11170,11530
1000030100,PILE 0.44X0.44X14 M. 10 T-M. (T1),EA,,,13310,12940,13110,13620,13310,12940,13110,13620
1000030101,PILE 0.44X0.44X14 M. 10 T-M. (T2),EA,,,13690,13310,13490,14000,13690,13310,13490,14000
1000030102,PILE 0.44X0.44X14 M. 10 T-M. (T3),EA,,,14000,13640,13800,14320,14000,13640,13800,14320
1000030103,PILE 0.44X0.44X14 M. 10 T-M. (T4),EA,,,14380,14000,14180,14690,14380,14000,14180,14690
1000030104,PILE 0.44X0.44X14 M. 14 T-M. (T1),EA,,,16990,16610,16730,17320,16990,16610,16730,17320
1000030105,PILE 0.44X0.44X14 M. 14 T-M. (T2),EA,,,17380,16970,17110,17700,17380,16970,17110,17700
1000030106,PILE 0.44X0.44X14 M. 14 T-M. (T3),EA,,,17480,17090,17210,17810,17480,17090,17210,17810
1000030107,PILE 0.44X0.44X14 M. 14 T-M. (T4),EA,,,18070,17670,17800,18390,18070,17670,17800,18390
1000040001,"ANCHOR,PLATE, CONCRETE 550X550X150 MM.",EA,,,220,216,218,226,220,216,218,226
1000040003,"ANCHOR, PLATE, CONCRETE 600X600X180 MM.",EA,,,317,311,313,324,317,311,313,324
1000050000,CONC. FOOTING 1.10X2.15X2.30 M.,EA,,,18080,17540,18950,18220,18080,17540,18950,18220
1000050002,CONC. F. 22 M. C/E DWG.IB1-018/36025,EA,,,,,,,13000,13000,11380,13000
1000050003,CONC. FOOTING 1.00X1.00X3.50 M.,EA,,,18110,17590,18310,18310,18110,17590,18310,18310
1000050007,CONC. F. 22 M. C/E DWG.IB2-011/42009,EA,,,,,,,8000,8000,8000,7500
1000050010,CONC. F. 22 M. C/E DWG.IB2-011/42004,EA,,,,,,,10800,10800,8224,10800
1000050012,CONC. FOOTING 0.90X1.40X3.00 M.,EA,,,17170,16670,17370,17320,17170,16670,17370,17320
1000050013,CONC. FOOTING 0.90X2.20X2.30 M.,EA,,,14550,14050,14670,14680,14550,14050,14670,14680
1000050014,CONC. FOOTING 0.90X1.10X3.00 M.,EA,,,15160,14740,15370,15310,15160,14740,15370,15310
1000050015,CONC. F. 22M. C/E DWG.IB4-A3/62020,EA,,,14560,14130,14810,14610,14560,14130,14810,14610
1000050016,"CONC. F. 22M., ON HEAD DWG.IB4-A3/62025",EA,,,19230,18510,19460,19300,19230,18510,19460,19300
1000050017,"CONC. F. 22M., O/E DWG.IB4-A3/63021",EA,,,14560,14040,14760,14590,14560,14040,14760,14590
1000050100,"CONC. F.12.2 &14.3,O/E DWG.IB3-011/49006",EA,,,11160,10730,11020,11380,11160,10730,11020,11380
1000050101,"CONC.F.12.20&14.30 ,C/E DWG.IB4-A3/64003",EA,,,16950,16250,16950,17040,16950,16250,16950,17040
1000050102,"CONC.F,12.20&14.30,PCAST, IB3-011/49005",EA,,,,,,,17590,17290,17510,18080
1000050105,"CONC.F,12.20&14.30.,PCAST,VARY0.5M.",EA,,,,,,,8580,8220,8590,8590
1000050106,"CONC.F,12.20&14.30,PILE,PCAST,VARY2M.",EA,,,,,,,11070,10620,11110,11090
1000050107,"CONC.F2,12.20&14.30,PILE,PCAST,VARY2M.",EA,,,,,,,20470,19650,20590,20550
1000060001,"POLE, STEEL, OCTAGONAL. 20.00 M LONG",EA,,230000,,,,,,,,
1000060002,"POLE, STEEL, OCTAGONAL, 22.10 M LONG",EA,,380000,,,,,,,,
1000100000,"CROSSARM, WOOD, 2,500X100X100 MM.",EA,,275,,,,,,,,
1000100001,"CROSSARM, WOOD, 1,500X100X100 MM.",EA,,145,,,,,,,,
1000100002,"CROSSARM, WOOD, 2,500X100X100 MM.",EA,,275,,,,,,,,
1000100003,"CROSSARM, WOOD, 3,000X100X120 MM.",EA,,430,,,,,,,,
1000100006,"CROSSARM, WOOD, 6,500X125X125 MM.",EA,,1385,,,,,,,,
1000110000,"CROSSARM 100X100X1,500 MM.",EA,,,272,268,268,270,272,268,268,270
1000110001,"CROSSARM 100X100X2,500 MM.",EA,,,536,528,528,540,536,528,528,540
1000110002,"CROSSARM 120X120X3,000 MM.",EA,,,934,920,919,940,934,920,919,940
1000110003,"CROSSARM (FOR D/E) 120X120X2,000 MM.",EA,,,641,631,631,650,641,631,631,650
1000110004,"CROSSARM (FOR D/E) 120X120X2,500 MM.",EA,,,949,936,934,960,949,936,934,960
1000110006,"CROSSARM 100X100X2,500 MM. HPC",EA,,,478,476,472,490,478,476,472,490
1000110007,"CROSSARM 100X100X3,200 MM. HPC",EA,,,573,569,565,588,573,569,565,588
1000110008,"CROSSARM 120X120X2,000 MM. HPC",EA,,,562,559,554,575,562,559,554,575
1000110009,"CROSSARM 120X120X2,500 MM. HPC",EA,,,663,657,653,678,663,657,653,678
1000110010,"CROSSARM 120X120X3,000 MM. HPC",EA,,,767,761,754,786,767,761,754,786
1000120001,CROSSARM ST. 100X50X3.2 MM. 4.2 M.LONG,EA,,2563,,,,,,,,
1000120002,CROSSARM ST. 150X150X12 MM. 4.5 M.LONG,EA,6016,6016,,,,,,,,
1000120003,CROSSARM ST. 150X150X12 MM. 5 M.LONG,EA,,4040,,,,,,,,
1000120004,"CROSSARM, ALLEY ARM150X75X9 MM. 3 M.LONG",EA,3965,3965,,,,,,,,
1000120005,CROSSARM ST. 100X100X3.2 MM. 2.5 M.LONG,EA,,3207,,,,,,,,
1000120006,CROSSARM ST. 100X100X3.2 MM. 2 M.LONG,EA,1688,1688,,,,,,,,
1000120007,CROSSARM ST. 100X100X3.2 MM. 3 M.LONG,EA,,3583,,,,,,,,
1000120100,CROSSARM COM ST.100x50x5MM. 1M.LONG.ACC.,PAK,,568,,,,,,,,
1000120101,CROSSARM COM ST 100X50X5MM.1.7M.LONG ACC,PAK,,1300,,,,,,,,
1000130100,CROSSARM COM FRP 100X50X10MM 1.7M L ACC,PAK,,2611,,,,,,,,
1000130101,CROSSARM COM FRP 100X50X10MM 1M ACC,PAK,,1877,,,,,,,,
1000200001,"BEAM,HARD WOOD 100X100X3,200 MM.",EA,,380,,,,,,,,
1000200004,"BEAM,HARD WOOD 100X200X3,500 MM.",EA,,750,,,,,,,,
1000210000,"BEAM, SPUN 100X100X3,200 MM.",EA,,,656,645,646,666,656,645,646,666
1000210001,"BEAM 150X250X3,450 MM.",EA,,,,,,,600,460,600,540
1000210003,"BEAM 150X250X3,550 MM.",EA,,,942,919,928,963,942,919,928,963
1000210004,"BEAM 150X300X4,600 MM.",EA,,,1737,1700,1714,1773,1737,1700,1714,1773
1010000100,"ST. CHANNEL, 100X50X5 MM. 2.25 M.LONG",EA,1076,1076,,,,,,,,
1010000101,"ST. CHANNEL,OHGW D/E, 100X50X5 MM. 3 M.",EA,,700,,,,,,,,
1010000103,"ST. CHANNEL, 100X50X5 MM. 4.2 M.LONG",EA,1898,1901,,,,,,,,
1010000106,"ST. CHANNEL, 100X50X5 MM., 2.5 M.LONG",EA,,1371,,,,,,,,
1010000201,"ST. CHANNEL, 125X65X6 MM., 3 M.LONG",EA,,2038,,,,,,,,
1010000202,"ST. CHANNEL, 125X65X6 MM. 2.5 M.LONG",EA,,1928,,,,,,,,
1010000301,"ST. CHANNEL, 150X75X6.5 MM. 4 M.LONG",EA,,5716,,,,,,,,
1010000302,"ST. CHANNEL, 150X75X6.5 MM. 4.5 M.LONG",EA,4645,4645,,,,,,,,
1010000303,"ST. CHANNEL, 150X75X6.5 MM. 6 M.LONG",EA,6118,6118,,,,,,,,
1010000304,ST. CHANNEL 150X75X6.5 MM. 2.5 M.LONG,EA,3399,3399,,,,,,,,
1010000400,"ST. CHANNEL, 200X80X7.5 MM. 1 M.LONG",EA,1756,1756,,,,,,,,
1010000401,"ST. CHANNEL, 200X80X7.5 MM. 6 M.LONG",EA,,9682,,,,,,,,
1010010000,"ST. ANGLE 65X65X6 MM. 1,000 MM.LONG",EA,275,275,,,,,,,,
1010010002,"ST. ANG.,OHGW. COR. BAYONET 2.25 M..LONG",EA,,1191,,,,,,,,
1010010003,"ST. ANG.,OHGW. BAYONET 2.25 M.LONG",EA,630,630,,,,,,,,
1010010004,"ST. ANG.,OHGW. BAYONET 2.5M.LONG",EA,702,702,,,,,,,,
1010010005,"ST. ANG.,OHGW. CORNER BAYONET 2.5 M.LONG",EA,1356,1356,,,,,,,,
1010010006,"ST. ANG.,OHGW. BAYONET 3 M.LONG",EA,,295,,,,,,,,
1010010007,"ST. ANG.,OHGW. CORNER BAYONET 3 M.LONG",EA,,467,,,,,,,,
1010010100,"ST. ANGLE 75X75X6 MM. 3,500 MM.LONG",EA,1211,1211,,,,,,,,
1010010101,"ST. ANGLE 75X75X6 MM. 4,100 MM.LONG",EA,1453,1616,,,,,,,,
1010010102,"ST. ANGLE 75X75X6 MM. 4,500 MM.LONG",EA,,3328,,,,,,,,
1010010200,ST. ANG. 100X100X7 MM. 4.2M.LONG,EA,,1135,,,,,,,,
1010020001,"ST. CHANNEL, 100X50X5 MM. 4 M.LONG",EA,,2450,,,,,,,,
1010030002,ST. PLATE 6X100X450 MM.,EA,120,120,,,,,,,,
1010030003,ST. PLATE 6X100X500 MM.,EA,,200,,,,,,,,
1010030004,ST. PLATE 6X100X750 MM.,EA,,231,,,,,,,,
1010030005,ST. PLATE 6X100X900 MM.,EA,,298,,,,,,,,
1010030006,"ST. PLATE,OHGW. BAYONE,DWG.SA3-015/44004",EA,24.9,24.9,,,,,,,,
1010030007,"ST. PLATE, FOR GW., DWG.SA3-015/44004",EA,43.8,43.8,,,,,,,,
1010030008,ST. PLATE 5X40X110 MM.,EA,,31.2,,,,,,,,
1010030009,"ST. PLATE, CLEVIS FOR TELECOM. CABLE",EA,,56.7,,,,,,,,
1010030100,ST. PLATE DOUBLE ARMING 12X100X650 MM.,EA,374,374,,,,,,,,
1010030102,ST. PLATE DOUBLE ARMING 12X100X760 MM.,EA,437,437,,,,,,,,
1010030200,"ST. PLATE, SINGLE STUB FOR 12.00 M POLE",EA,,5120,,,,,,,,
1010030201,"ST. PLATE, SINGLE STUB FOR 12.20 M POLE",EA,,5180,,,,,,,,
1010030202,"ST. PLATE, SINGLE STUB FOR 14.00 M POLE",EA,,5320,,,,,,,,
1010030203,"ST. PLATE, SINGLE STUB FOR 14.30 M POLE",EA,,7320,,,,,,,,
1010030204,"ST. PLATE, SINGLE STUB FOR 16.00 M POLE",EA,,3440,,,,,,,,
1010030300,"ST. PLATE, DOUBLE STUB FOR 12.00 M POLE",EA,,3500,,,,,,,,
1010030301,"ST. PLATE, DOUBLE STUB FOR 12.20 M POLE",EA,,4200,,,,,,,,
1010030302,"ST. PLATE, DOUBLE STUB FOR 14.00 M POLE",EA,,4040,,,,,,,,
1010030303,"ST. PLATE, DOUBLE STUB FOR 14.30 M POLE",EA,,4680,,,,,,,,
1010030304,"ST. PLATE, DOUBLE STUB FOR 16.00 M POLE",EA,,4500,,,,,,,,
1010050000,"ST. PIPE,SIZE 20, 100 MM.LONG W/O T.E.",EA,21.3,21.3,,,,,,,,
1010050001,"ST. PIPE,SIZE 20, 120 MM.LONG W/O T.E.",EA,,209,,,,,,,,
1010050002,"ST. PIPE,SIZE 20, 150 MM.LONG W/O T.E.",EA,27.4,27.4,,,,,,,,
1010050003,"ST. PIPE,SIZE 20, 180 MM.LONG W/O T.E.",EA,,52.8,,,,,,,,
1010050004,"ST. PIPE,SIZE 20, 200 MM.LONG W/O T.E.",EA,,74.3,,,,,,,,
1010050005,"ST. PIPE,SIZE 20, 230 MM.LONG W/O T.E.",EA,,103,,,,,,,,
1010050006,"ST. PIPE,SIZE 20, 300 MM.LONG W/O T.E.",EA,,170,,,,,,,,
1010050007,"ST. PIPE,SIZE 20, 350 MM.LONG W/O T.E.",EA,,113,,,,,,,,
1010050009,"ST. PIPE,SIZE 20, 75 MM.LONG  W/O T.E.",EA,,36.3,,,,,,,,
1010050010,"ST. PIPE,SIZE 20, 250 MM.LONG W/O T.E.",EA,,65.5,,,,,,,,
1010050100,"ST. PIPE,SIZE 25, 200 MM.LONG W/O T.E.",EA,,103,,,,,,,,
1010050101,"ST. PIPE,SIZE 25, 470 MM.LONG W/O T.E.",EA,,222,,,,,,,,
1010050200,"ST. TUBE, 100X50X3.2 MM., 100 MM.LONG",EA,,58.9,,,,,,,,
1010050201,"ST. BEAM, 100X100X3.2 MM. 2 M.LONG",EA,,2743,,,,,,,,
1010060013,"ST. SUPPORT,DWG.SA2-015/42006",EA,,1208,,,,,,,,
1010060015,"CONDUIT ST. GUARD,POLE 12&14 M.",EA,,11000,,,,,,,,
1010060017,"CONDUIT ST. GUARD,POLE 12.2 M.",EA,,5180,,,,,,,,
1010060018,"CONDUIT ST. GUARD,POLE 14.3 M.",EA,,4838,,,,,,,,
1010060019,"CONDUIT ST. GUARD,POLE 22 M.",EA,,11570,,,,,,,,
1010060021,"SUP. STRUCTURE,1 CIRCUIT DOUBLE COND.",EA,,42910,,,,,,,,
1010060022,ST. FRAME STRUCTURE WITH CHANNEL ST.,EA,,20000,,,,,,,,
1010060023,"SUP. STRUCTURE,1 CIRCUIT SINGLE COND.",EA,,27660,,,,,,,,
1010060024,SUPPORT.JOINT BOX.FOR OPGW.DIA. 14 MM.,EA,441,744,,,,,,,,
1010060025,BRACKET.FOR OPGW.DIA.14 MM.COIL,EA,772,1617,,,,,,,,
1010060026,JOINT BOX. 2 WAY.FOR OPGW,EA,27650,27650,,,,,,,,
1010060027,JOINT BOX.3 WAY.OPGW AND APPROACH CABLE,EA,28130,28130,,,,,,,,
1010100000,"WIRE,ST. SOLID DIA. 4.0 MM.TIS.71",KG,61.8,61.8,,,,,,,,
1010100002,"ST. WIRE, STRANDED 25 SQ.MM.TIS.404",M,16.8,16.8,,,,,,,,
1010100003,"ST. WIRE, STRANDED 35 SQ.MM.TIS.404",M,22.7,22.7,,,,,,,,
1010100004,"ST. WIRE, STRANDED 50/7 SQ.MM.TIS.404",M,33.6,33.6,,,,,,,,
1010100006,"ST. WIRE, STRANDED 95 SQ.MM.TIS.404",M,62.1,62.1,,,,,,,,
1010100100,"OPGW.24C.DIA. 14 mm.,SC 100 kA2.sec",M,126,126,,,,,,,,
1010100102,"OPGW.24C.DIA.14.MM.,SC.70.kA2.SEC",M,126,126,,,,,,,,
1010110000,"BOLT,MACHINE M.8X25 MM.",EA,,23.4,,,,,,,,
1010110100,"BOLT,MACHINE M.12X35 MM.",EA,14.9,14.9,,,,,,,,
1010110101,"BOLT,MACHINE M.12X50 MM.",EA,17.3,17.3,,,,,,,,
1010110103,"BOLT,MACHINE,M.12X50 MM., NUT,R.W.&S.W.",EA,,22,,,,,,,,
1010110200,"BOLT,MACHINE M.16X130 MM.",EA,21.6,21.6,,,,,,,,
1010110201,"BOLT,MACHINE M.16X170 MM.",EA,25.5,25.5,,,,,,,,
1010110202,"BOLT,MACHINE M.16X200 MM.",EA,27.8,27.8,,,,,,,,
1010110203,"BOLT,MACHINE M.16X250 MM.",EA,34.7,34.7,,,,,,,,
1010110204,"BOLT,MACHINE M.16X300 MM.",EA,41.7,41.7,,,,,,,,
1010110205,"BOLT,MACHINE M.16X350 MM.",EA,46.3,46.3,,,,,,,,
1010110206,"BOLT,MACHINE M.16X400 MM.",EA,52.5,52.5,,,,,,,,
1010110207,"BOLT,MACHINE M.16X450 MM.",EA,58.6,58.6,,,,,,,,
1010110208,"BOLT,MACHINE M.16X500 MM.",EA,61.7,61.7,,,,,,,,
1010110209,BOLT MACHINE M.16X600 MM.,EA,65.6,65.6,,,,,,,,
1010110300,"BOLT,MACHINE M. 20X350 MM.",EA,75.6,75.6,,,,,,,,
1010110301,"BOLT,MACHINE M.20X400 MM.",EA,88,88,,,,,,,,
1010110302,"BOLT,MACHINE M.20X450 MM.",EA,100,100,,,,,,,,
1010110400,"BOLT,MACHINE,HEXAGON,M.16X75 MM.",EA,24.7,24.7,,,,,,,,
1010110401,"BOLT,MACHINE,HEXAGON,M.16X550 MM.",EA,81,81,,,,,,,,
1010110402,"BOLT,MACHINE,HEXAGON,M.16X600 MM.",EA,87.2,87.2,,,,,,,,
1010110403,"BOLT, MACHINE, HEXAGON, M.16X650 MM.",EA,,26.8,,,,,,,,
1010110404,"BOLT,MACHINE,HEXAGON,M. 16X50 MM.",EA,23.1,23.1,,,,,,,,
1010110500,"BOLT, MACHINE, HEXAGON, M24X250 MM.",EA,,222,,,,,,,,
1010120000,"BOLT,DOUBLE ARMING,M.16X400 MM.",EA,56.9,56.9,,,,,,,,
1010120001,"BOLT,DOUBLE ARMING,M.16X450 MM.",EA,64,64,,,,,,,,
1010120002,"BOLT,DOUBLE ARMING,M.16X500 MM.",EA,77.2,77.2,,,,,,,,
1010120003,"BOLT,DOUBLE ARMING,M.16X550 MM.",EA,,64.8,,,,,,,,
1010120004,"BOLT,DOUBLE ARMING,M.16X600 MM.",EA,81,81,,,,,,,,
1010120005,"BOLT, DOUBLL ARMING M 16X650 MM.",EA,91,91,,,,,,,,
1010120006,"BOLT, DOUBLE ARMING, M 16x250 MM.",EA,,35.2,,,,,,,,
1010130000,"BOLT,DOUBLE ARMING,ROUND EYE M.16X400MM.",EA,74.9,74.9,,,,,,,,
1010130001,"BOLT,DOUBLE ARMING,ROUND EYE M.16X450MM.",EA,76.7,76.7,,,,,,,,
1010130002,"BOLT,DOUBLE ARMING,ROUND EYE M.16X500MM.",EA,83.6,83.6,,,,,,,,
1010130003,"BOLT,DOUBLE ARMING,ROUND EYE M.16X600MM.",EA,103,103,,,,,,,,
1010130004,"BOLT,DOUBLE ARMING,ROUND EYE M.16X550MM.",EA,,90.2,,,,,,,,
1010130005,"BOLT,DOUBLE ARMING ROUND,EYE M.16X650MM.",EA,113,113,,,,,,,,
1010140001,"BOLT,ROUND EYE M.16X200 MM.",EA,52.3,52.3,,,,,,,,
1010140002,"BOLT,ROUND EYE M.16X250 MM.",EA,59.6,59.6,,,,,,,,
1010140003,"BOLT,ROUND EYE M.16X300 MM.",EA,70,70,,,,,,,,
1010150000,"BOLT,OVAL EYE M.16X150 MM.",EA,68.9,68.9,,,,,,,,
1010150001,"BOLT,OVAL EYE M.16X200 MM.",EA,78.4,78.4,,,,,,,,
1010150002,"BOLT,OVAL EYE M.16X350 MM.",EA,110,110,,,,,,,,
1010150050,"BOLT,OVAL EYE,FULL THREAD M.16X250 MM.",EA,,26.8,,,,,,,,
1010150051,"BOLT,OVAL EYE,FULL THREAD M.16X300 MM.",EA,,30.1,,,,,,,,
1010150052,"BOLT,OVAL EYE,FULL THREAD M.16X350 MM.",EA,,33.1,,,,,,,,
1010150100,"BOLT,OVAL EYE M.20X350 MM.",EA,190,190,,,,,,,,
1010150101,"BOLT,OVAL EYE M.20X450 MM.",EA,224,224,,,,,,,,
1010160000,"BOLT,STUB M.24X600 MM.",EA,200,200,,,,,,,,
1010160001,"BOLT,STUB M.24X800 MM.",EA,241,241,,,,,,,,
1010160002,"BOLT,STUB M.24X1,000 MM.",EA,284,284,,,,,,,,
1010160003,"BOLT,STUB M.24X1,250 MM.",EA,340,340,,,,,,,,
1010160004,"BOLT,STUB M 24 X 1,600 MM.",EA,448,448,,,,,,,,
1010180001,"NUT,EYE M.16 DIN 582",EA,42.2,42.2,,,,,,,,
1010180002,"NUT,EYE M.20",EA,169,169,,,,,,,,
1010180003,"NUT,EYE,THIMBLE M.16",EA,,242,,,,,,,,
1010180100,"WASHER,PLAIN,SQUARE, 52X52X4.5 MM.",EA,4.95,4.95,,,,,,,,
1010180101,"WASHER,PLAIN,SQUARE, 62X62X6 MM.",EA,9.9,9.9,,,,,,,,
1010180102,"WASHER,PLAIN,SQUARE, 72X72X6 MM.",EA,,15,,,,,,,,
1010180201,"WASHER,SQUARE,CURVED 60X60X5 MM.",EA,7.25,7.25,,,,,,,,
1010180300,"WASHER,LOCK,SPRING,SIZE 12 MM.,TIS.259",EA,,2.11,,,,,,,,
1010180301,"WASHER,LOCK,SPRING,SIZE 16 MM.,TIS.259",EA,3.59,3.59,,,,,,,,
1010180302,"WASHER,LOCK,SPRING,SIZE 20 MM.,TIS.259",EA,6.59,6.59,,,,,,,,
1010180303,"WASHER,LOCK,SPRING,SIZE 24 MM.,TIS.259",EA,,8.5,,,,,,,,
1010180400,"WASHER,ROUND,FLAT,SIZE 16 MM.",EA,,3.01,,,,,,,,
1010200001,"BRACE,FLAT,FOR CROSSARM 30X6X760 MM.",EA,64.2,64.2,,,,,,,,
1010200002,"BRACE,FLAT,FOR CROSSARM 40X6X1,000 MM.",EA,112,112,,,,,,,,
1010200003,"BRACE,FLAT,FOR CROSSARM 50X10X1,950 MM.",EA,475,475,,,,,,,,
1010200004,"BRACE,ALLEY ARM 40X40X5 MM. 2.12 M.LONG",EA,388,388,,,,,,,,
1010200005,"BRACE,ALLEY ARM 50X50X6 MM. 2.35 M.LONG",EA,460,490,,,,,,,,
1010200006,"BRACE,ST. ANG. 50X50X6 MM. 1.5 M.WIDE",EA,,770,,,,,,,,
1010200007,"BRACE,ST. ANG. 50X50X6 MM. 1.8 M.WIDE",EA,460,471,,,,,,,,
1010200008,"BRACE, ALLEY ARM 50X50X6 MM. 920 MM.LONG",EA,,499,,,,,,,,
1010200009,เหล็กประกับคอนสาย 50x50x6 มม.ยาว 1 เมตร,EA,252,252,,,,,,,,
1010200010,"BRACE,L SHAPE, 50X10 MM., FOR FSD",EA,,336,,,,,,,,
1010210000,"ROD,ANCHOR,ROUND EYE M.16, 2 M.LONG",EA,236,236,,,,,,,,
1010210001,"ROD,ANCHOR,ROUND EYE M.20, 2.5 M.LONG",EA,,213,,,,,,,,
1010210002,"ROD,ANCHOR,ROUND EYE M.20, 3 M.LONG",EA,,1200,,,,,,,,
1010210003,"ROD,ANCHOR,DOUBLE STRAND EYE,M.20",EA,465,465,,,,,,,,
1010210004,"ROD,ANCHOR,DOUBLE STRAND EYE,M.24",EA,687,687,,,,,,,,
1010210100,SET OF SIDEWALK GUY ARM FOR PIPE 50 MM.,EA,,240,,,,,,,,
1010210101,SET OF SIDEWALK GUY ARM FOR PIPE 80 MM.,EA,,762,,,,,,,,
1010210102,"GUY GUARD, 2,000 MM.LONG",EA,,1988,,,,,,,,
1010210200,"BOLT,STRAND EYE,SINGLE M.16X350 MM.",EA,63.8,63.8,,,,,,,,
1010210201,"BOLT,STRAND EYE, 45 DEG.M.16X250 MM.",EA,60.7,60.7,,,,,,,,
1010210202,"BOLT,STRAND EYE, 45 DEG.M.16X350 MM.",EA,94.8,94.8,,,,,,,,
1010210203,"BOLT,STRAND EYE, 45 DEG.M.20X350 MM.",EA,128,128,,,,,,,,
1010210204,"BOLT,STRAND EYE, 45 DEG.M.20X400 MM.",EA,,85.3,,,,,,,,
1010210300,ANCLE GUY ATTACHMENT 30 DEG.,EA,33.3,33.3,,,,,,,,
1010210304,"THIMBLE,GUY,FOR STEEL WIRE 50-95 SQ.MM.",EA,8.62,8.62,,,,,,,,
1010220002,"GROUND ROD,60X60X5 MM. 2 M.LONG",EA,460,460,,,,,,,,
1010220007,"GROUND ROD,CU COV. ST.,DIA. 16 MM., 3 M.",EA,,829,,,,,,,,
1010220010,"CONDUCTOR,GROUND,FLAT IRON 30X3.5 MM.",M,59.5,59.5,,,,,,,,
1010220102,"WELDING POWDER,FOR CU 95 SQ.MM. TO GD",EA,,365,,,,,,,,
1010220103,"WELDING POWDER,FOR CU 95 SQ.MM.,HOR. ST.",EA,,421,,,,,,,,
1010220104,"WELDING POWDER,FOR CU 95 SQ.MM. RUN&TAP",EA,,179,,,,,,,,
1010220105,"WELDING POWDER,FOR CU 95 SQ.MM.,VER. ST.",EA,,375,,,,,,,,
1010220106,"WELDING POWDER,FOR CU 95 SQ.MM. ACROSS",EA,,225,,,,,,,,
1010220113,"WELDING POWDER,CU 95 SQ.MM.,SPLICE",EA,,165,,,,,,,,
1010220114,"WELDING POWDER,CU 95 SQ.MM. ANG. TAP",EA,,159,,,,,,,,
1010220123,"WELDING POWDER, ST. WIRE 50 SQ.MM. TO GD",EA,,36,,,,,,,,
1010220126,MOLD.PEASY WELD.ST. WIRE 50 SQ.MM. TO GD,EA,,61.6,,,,,,,,
1010220127,GROUND CLAMP FOR CABLE 95-120 SQ.MM.,EA,,105,,,,,,,,
1010230000,"CLAMP,SINGLE U-BOLT,M.8 (WIRE ROPE CLIP)",EA,7.92,7.92,,,,,,,,
1010230001,"CLAMP,DOUBLE U-BOLT,M.16(WIRE ROPE CLIP)",EA,45.4,45.4,,,,,,,,
1010230003,"CLAMP,TRIPLE BOLTS,ST. WIRE 35 SQ.MM.",EA,97.1,97.1,,,,,,,,
1010230004,"CLAMP,TRIPLE BOLTS,ST. WIRE 50 SQ.MM.",EA,,123,,,,,,,,
1010230005,"CLAMP,TRIPLE BOLTS,ST. WIRE 95 SQ.MM.",EA,,111,,,,,,,,
1010230009,"CLAMP,GROUND,CU 95 SQ.MM.",EA,,53.9,,,,,,,,
1010230012,"CLAMP, DOUBLE BOLTS, ST. WIRE 25 SQ.MM.",EA,,139,,,,,,,,
1010230016,"CLAMP,CABLE STRAP FOR UG 1X800 SQ.MM.",EA,,1500,,,,,,,,
1010230102,"CONN.,FLAT 30 MM.,COND. 16-50 SQ.MM.",EA,,40,,,,,,,,
1010230103,"CONN.,FLAT TO FLAT IRON 30 MM.",EA,,45,,,,,,,,
1010230200,"GW SUPPORT AND CLAMP,FOR WOOD BAYONET",EA,,15,,,,,,,,
1010230201,"GW SUPPORT AND CLAMP,FOR POLE",EA,225,225,,,,,,,,
1010230202,"GW SUPPORT AND CLAMP,FOR WOOD POLE",EA,,108,,,,,,,,
1010230203,"GW SUPPORT AND CLAMP,FOR BAYONET",EA,209,209,,,,,,,,
1010230205,"GROUND WIRE CLAMP,J.1152",EA,21.4,21.4,,,,,,,,
1010990000,"NAIL,MILD ST., 2.00X5.00 MM. 35 MM.LONG",EA,,0.25,,,,,,,,
1010990003,"STAPLE,GALV. FOR COND. 25-50 SQ.MM.",EA,,15,,,,,,,,
1020000003,"COND.,CU,BARE 25 SQ.MM.TIS.64",M,,81.3,,,,,,,,
1020000005,"COND.,CU,BARE 50 SQ.MM.TIS.64",M,,225,,,,,,,,
1020000007,"COND.,CU,BARE 95 SQ.MM.TIS 64",M,,421,,,,,,,,
1020010000,"COND.,AL,BARE 25 SQ.MM.TIS.85",M,,25,,,,,,,,
1020010001,"COND.,AL,BARE 35 SQ.MM.TIS.85",M,,5.55,,,,,,,,
1020010002,"COND.,AL,BARE 50/7 SQ.MM.TIS.85",M,,39.9,,,,,,,,
1020010003,"COND.,AL,BARE 70 SQ.MM.TIS.85",M,,30.4,,,,,,,,
1020010004,"COND.,AL,BARE 95 SQ.MM.TIS.85",M,,21.3,,,,,,,,
1020010005,"COND.,AL,BARE 120 SQ.MM.TIS.85",M,,18.6,,,,,,,,
1020010007,"COND.,AL,BARE 185 SQ.MM.TIS.85",M,,46.6,,,,,,,,
1020010008,"COND.,AL,BARE 240 SQ.MM.TIS.85",M,,95,,,,,,,,
1020010009,"COND.,AL,BARE 400 SQ.MM.TIS.85 (จ้างรีดด้วยอินกอท Primary grade)",KM,25550,,,,,,,,,
1020010009,"COND.,AL,BARE 400 SQ.MM.TIS.85",KM/M,23400,121,,,,,,,,
1020010010,"COND.,AL,BARE 625 SQ.MM.TIS.85",M,,145,,,,,,,,
1020020001,"COND.,ACSR 35/6 SQ.MM.TIS.86",M,,8.22,,,,,,,,
1020020002,"COND.,ACSR 50/8 SQ.MM.TIS.86",KM/M,6644,22.5,,,,,,,,
1020020002,"COND.,ACSR 50/8 SQ.MM.TIS.86 (จ้างรีดด้วยอินกอท Primary grade)",KM,6785,,,,,,,,,
1020020003,"COND.,ACSR 70/12 SQ.MM.TIS.86",M,,31,,,,,,,,
1020020004,"COND.,ACSR 95/15 SQ.MM.TIS.86",M,,22.6,,,,,,,,
1020020005,"CONDUCTOR,ACSR 120/20 SQ.MM.TIS.86",M,,80,,,,,,,,
1020020007,"CONDUCTOR,ACSR 185/30 SQ.MM.TIS.86",M,,76.4,,,,,,,,
1020020008,"CONDUCTOR, ACSR 380/50 SQ.MM. TIS.86",M,,160,,,,,,,,
1020030001,"COND.,AL-ALLOY 35 SQ.MM.TIS.725",M,,18.3,,,,,,,,
1020030002,"COND.,AL-ALLOY 50/7 SQ.MM.TIS.725",M,,18.3,,,,,,,,
1020030003,"COND.,AL-ALLOY 70 SQ.MM.TIS.725",M,,34.5,,,,,,,,
1020030004,"COND.,AL-ALLOY 95 SQ.MM.TIS.725",M,,25.6,,,,,,,,
1020030005,"COND.,AL-ALLOY 120 SQ.MM.TIS.725",M,,34.2,,,,,,,,
1020030007,"COND.,AL-ALLOY 185 SQ.MM.TIS.725",M,,110,,,,,,,,
1020040000,"CABLE,UG,CU 22 KV. 1X35 SQ.MM.",M,,302,,,,,,,,
1020040001,"CABLE,UG,CU 22 KV. 1X50 SQ.MM.",M,,659,,,,,,,,
1020040003,"CABLE,UG,CU 22 KV. 1X95 SQ.MM.",M,,710,,,,,,,,
1020040006,"CABLE,UG,CU 22 KV. 1X185 SQ.MM.",M,,405,,,,,,,,
1020040007,"CABLE,UG,CU 22 KV. 1X240 SQ.MM.",M,1907,1907,,,,,,,,
1020040008,"CABLE,UG,CU 22 KV. 1X500 SQ.MM.",M,3151,3151,,,,,,,,
1020040009,"CABLE,UG,CU 22 KV. 1 X 400 SQ.MM",M,2899,2899,,,,,,,,
1020040101,"CABLE,UG,CU 33 KV. 1X50 SQ.MM.",M,,700,,,,,,,,
1020040107,"CABLE,UG,CU 33 KV. 1X240 SQ.MM.",M,2209,2209,,,,,,,,
1020040108,"CABLE UG,CU.33 KV. 1 X 400 SQ.MM.",M,3267,3267,,,,,,,,
1020040109,"CABLE,UG,CU.33 KV. 1 X 500 SQ.MM.",M,3627,3627,,,,,,,,
1020040200,"CABLE, UG, CU., 115 KV 1X800 SQ.MM.",M,7701,7701,,,,,,,,
1020040301,"CABLE,CV, 0.6/1 KV 1X50 SQ.MM.",M,,218,,,,,,,,
1020040303,"CABLE,CV, 0.6/1 KV 1X95 SQ.MM.",M,,543,,,,,,,,
1020040306,"CABLE,CV, 0.6/1 KV 1X185 SQ.MM.",M,,768,,,,,,,,
1020040310,"CABLE,UG.CV.0.6/1 KV.1X16 SQ.MM.",M,,129,,,,,,,,
1020050000,"CABLE,AERIAL,AL 22 KV. 1X50 SQ.MM.",KM/M,63150,87.4,,,,,,,,
1020050000,"CABLE,AERIAL,AL 22 KV. 1X50 SQ.MM. (จ้างรีดด้วยอินกอท Primary grade)",KM,63890,,,,,,,,,
1020050001,"CABLE,AERIAL,AL 22 KV. 1X95 SQ.MM.",M,,150,,,,,,,,
1020050002,"CABLE,AERIAL,AL 22 KV. 1X120 SQ.MM.",M,,170,,,,,,,,
1020050003,"CABLE,AERIAL,AL 22 KV. 1X150 SQ.MM.",M,,391,,,,,,,,
1020050004,"CABLE,AERIAL,AL 22 KV. 1X185 SQ.MM. (จ้างรีดด้วยอินกอท Primary grade)",KM,106100,,,,,,,,,
1020050004,"CABLE,AERIAL,AL 22 KV. 1X185 SQ.MM.",KM/M,105600,190,,,,,,,,
1020050005,"CABLE,AERIAL,AL 22 KV. 1X240 SQ.MM.",M,,198,,,,,,,,
1020050100,"CABLE,AERIAL,AL 33 KV. 1X50 SQ.MM. (จ้างรีดด้วยอินกอท Primary grade)",KM,83780,,,,,,,,,
1020050100,"CABLE,AERIAL,AL 33 KV. 1X50 SQ.MM.",KM/M,83270,119,,,,,,,,
1020050101,"CABLE,AERIAL,AL 33 KV. 1X95 SQ.MM.",M,,150,,,,,,,,
1020050102,"CABLE,AERIAL,AL 33 KV. 1X120 SQ.MM.",M,,180,,,,,,,,
1020050103,"CABLE,AERIAL,AL 33 KV. 1X150 SQ.MM.",M,,450,,,,,,,,
1020050104,"CABLE,AERIAL,AL 33 KV. 1X185 SQ.MM. (จ้างรีดด้วยอินกอท Primary grade)",KM,144600,,,,,,,,,
1020050104,"CABLE,AERIAL,AL 33 KV. 1X185 SQ.MM.",KM/M,143600,180,,,,,,,,
1020050105,"CABLE,AERIAL,AL 33 KV. 1X240 SQ.MM.",M,,377,,,,,,,,
1020050200,"CABLE,TWISTED,AL.22KV.3-1x50 Sq.mm.",M,,638,,,,,,,,
1020050202,"CABLE,TAC,H.T.,AL 22 KV. 3-1X120 SQ.MM.",M,,1428,,,,,,,,
1020050203,"CABLE,TWISTED,AL.22KV.3-1x185 Sq.mm.",M,,1831,,,,,,,,
1020050204,"CABLE,TWISTED,AL.22KV.3-1x240 Sq.mm.",M,,1809,,,,,,,,
1020050300,"CABLE,TAC, H.T. AL.33 KV.3-1X50 SQ.MM.",M,,1527,,,,,,,,
1020050302,"CABLE,TWISTED,AL.33KV.3-1x120 Sq.mm.",M,,1624,,,,,,,,
1020050303,"CABLE,TWISTED,AL.33KV.3-1x185 Sq.mm.",M,,2369,,,,,,,,
1020050304,"CABLE,TWISTED,AL.33KV.3-1x240 Sq.mm.",M,,2166,,,,,,,,
1020060001,"PIC,22 KV. 50 SQ.MM.",M,,33.7,,,,,,,,
1020060002,"PIC,22 KV. 95 SQ.MM.",M,,50.2,,,,,,,,
1020060003,"PIC,22 KV. 120 SQ.MM.",M,,58.3,,,,,,,,
1020060004,"PIC,22 KV. 185 SQ.MM.",M,,81.7,,,,,,,,
1020060101,"PIC,33 KV. 50 SQ.MM.",M,,56,,,,,,,,
1020060102,"PIC,33 KV. 95 SQ.MM.",M,,56,,,,,,,,
1020060103,"PIC,33 KV. 120 SQ.MM.",M,,76.4,,,,,,,,
1020060104,"PIC,33 KV. 185 SQ.MM.",M,,83,,,,,,,,
1020060200,"PIC,22 KV. 50/8 SQ.MM.",M,,128,,,,,,,,
1020070000,"CABLE,AL,750 V,25 SQ.MM. TIS.293 (จ้างรีดด้วยอินกอท Primary grade)",KM,6240,,,,,,,,,
1020070000,"CABLE,AL,750 V,25 SQ.MM. TIS.293",KM/M,5767,15.2,,,,,,,,
1020070001,"CABLE,AL,750 V,35 SQ.MM. TIS.293",M,,10.8,,,,,,,,
1020070002,"CABLE,AL,750 V,50 SQ.MM. TIS.293 (จ้างรีดด้วยอินกอท Primary grade)",KM,9048,,,,,,,,,
1020070002,"CABLE,AL,750 V,50 SQ.MM. TIS.293",KM/M,8807,26.7,,,,,,,,
1020070003,"CABLE,AL,750 V,70 SQ.MM. TIS.293",M,,35.3,,,,,,,,
1020070004,"CABLE,AL,750 V,95 SQ.MM. TIS.293",KM/M,19790,49.9,,,,,,,,
1020070004,"CABLE,AL,750 V,95 SQ.MM. TIS.293 (จ้างรีดด้วยอินกอท Primary grade)",KM,20470,,,,,,,,,
1020070005,"CABLE,AL,750 V,120 SQ.MM.TIS.293",M,,94.6,,,,,,,,
1020070006,"CABLE,AL,750 V,150 SQ.MM.TIS.293",M,,73.2,,,,,,,,
1020070007,"CABLE,AL,750 V,185 SQ.MM.TIS.293",M,,116,,,,,,,,
1020070008,"CABLE,AL,750 V,240 SQ.MM.TIS.293",M,,177,,,,,,,,
1020070100,"CABLE,AL,SOLID,PVC-INSULATED, 10 SQ.MM.",M,,5.5,,,,,,,,
1020070101,"CABLE,AL,SOLID,PVC-INSULATED, 16 SQ.MM.",M,,9.77,,,,,,,,
1020070200,"CABLE, ABC, AL, 0.6/1 kV. 4X70 SQ.MM.",M,,447,,,,,,,,
1020070201,"CABLE, ABC, AL, 0.6/1 kV. 4X95 SQ.MM.",M,,494,,,,,,,,
1020070202,"CABLE, ABC, AL, 0.6/1 kV. 4X120 SQ.MM.",M,,550,,,,,,,,
1020080007,"CABLE,PVC,750 V,1X25 SQ.MM.TIS.11 TABLE6",M,,86,,,,,,,,
1020080008,"CABLE,PVC,750 V,1X35 SQ.MM.TIS.11 TABLE6",M,,114,,,,,,,,
1020080009,"CABLE,PVC,750 V,1X50 SQ.MM.TIS.11 TABLE6",M,,263,,,,,,,,
1020080011,"CABLE,PVC,750 V,1X95 SQ.MM.TIS.11 TABLE6",M,,291,,,,,,,,
1020080012,"CABLE,PVC,750V,1X120 SQ.MM.TIS.11 TABLE6",M,,334,,,,,,,,
1020080102,"CABLE,PVC,750V,2X2.5 SQ.MM.TIS.11 TABLE7",M,,48,,,,,,,,
1020080103,"CABLE,PVC,750 V, 2X4 SQ.MM.TIS.11 TABLE7",M,,38.4,,,,,,,,
1020080106,"CABLE,PVC,750 V,2X16 SQ.MM.TIS.11 TABLE7",M,,144,,,,,,,,
1020080107,"CABLE,PVC,750 V,2X25 SQ.MM.TIS.11 TABLE7",M,,212,,,,,,,,
1020080109,"CABLE,PVC,750 V,2X50 SQ.MM.TIS.11 TABLE7",M,,190,,,,,,,,
1020080126,"CABLE,PVC,750 V,3X16 SQ.MM.TIS.11 TABLE7",M,,191,,,,,,,,
1020080402,"CONTROL CABLE,7X2.5 SQ.MM.TIS.838TABLE10",M,142,142,,,,,,,,
1020080500,"CABLE,CU,PVC,INS.&JAC. 600 V, 2X6 SQ.MM.",M,,34.8,,,,,,,,
1020080501,"CABLE,CU,PVC,INS.&JAC. 600V, 2X10 SQ.MM.",M,146,146,,,,,,,,
1020080502,"CABLE,CU,PVC,INS.&JAC,600V.2X35 SQ.MM.",M,469,469,,,,,,,,
1020080603,"CABLE,PVC,750 V,1X2.5 SQ.MM.TIS.11TABLE4",M,,9,,,,,,,,
1020080606,"CABLE,PVC,750 V,1X10 SQ.MM.TIS.11 TABLE4",M,,48,,,,,,,,
1020080607,"CABLE,PVC,750 V,1X16 SQ.MM.TIS.11 TABLE4",M,,43,,,,,,,,
1020080608,"CABLE,PVC,750 V,1X25 SQ.MM.TIS.11 TABLE4",M,,101,,,,,,,,
1020080609,"CABLE,PVC,750 V,1X35 SQ.MM.TIS.11 TABLE4",M,,77.7,,,,,,,,
1020080610,"CABLE,PVC,750 V,1X50 SQ.MM.TIS.11 TABLE4",M,,220,,,,,,,,
1020080611,"CABLE,PVC,750 V,1X70 SQ.MM.TIS.11 TABLE4",M,,149,,,,,,,,
1020080612,"CABLE,PVC,750 V,1X95 SQ.MM.TIS.11 TABLE4",M,,401,,,,,,,,
1020080613,"CABLE,PVC,750V,1X120 SQ.MM.TIS.11 TABLE4",M,,575,,,,,,,,
1020080614,"CABLE,PVC,750V,1X150 SQ.MM.TIS.11 TABLE4",M,,314,,,,,,,,
1020080615,"CABLE,PVC,750V,1X185 SQ.MM.TIS.11 TABLE4",M,,387,,,,,,,,
1020080616,"CABLE,PVC,750V,1X240 SQ.MM.TIS.11 TABLE4",M,,536,,,,,,,,
1020080618,"CABLE,PVC,750V,1X400 SQ.MM.TIS.11 TABLE4",M,,835,,,,,,,,
1020080619,"CABLE,PVC,750V,1X500 SQ.MM.TIS.11 TABLE4",M,,1081,,,,,,,,
1020089952,"CONDUCTOR,CU,YTY 0.6/1 KV. 2X2.5 SQ.MM.",M,,32,,,,,,,,
1020089954,"CONDUCTOR,CU,NFYW 0.6/1 KV. 2.5 SQ.MM.",M,,18.4,,,,,,,,
1020089957,"CONDUCTOR,CU,NFYW 0.6/1 KV. 10 SQ.MM.",M,,95,,,,,,,,
1020150001,"CABLE TERMINATION KITS,O/D, 22 KV. 1X50",EA,,2900,,,,,,,,
1020150003,"CABLE TERMINATION KITS,O/D, 22 KV. 1X95",EA,,3900,,,,,,,,
1020150004,"CABLE TERMINATION KITS,O/D, 22 KV. 1X120",EA,,4117,,,,,,,,
1020150006,"CABLE TERMINATION KITS,O/D, 22 KV. 1X185",EA,,5851,,,,,,,,
1020150007,"CABLE TERMINATION KITS,O/D, 22 KV. 1X240",EA,,3762,,,,,,,,
1020150008,"CABLE TERMINATION KITS,O/D, 22 KV. 1X500",EA,,3162,,,,,,,,
1020150009,"CABLE TERMINATION KITS,O/D, 22 KV. 1X400",EA,,2581,,,,,,,,
1020150101,"CABLE TERMINATION KITS,O/D, 33 KV. 1X50",EA,,3942,,,,,,,,
1020150107,"CABLE TERMINATION KITS,O/D, 33 KV. 1X240",EA,,3446,,,,,,,,
1020150108,"CABLE TERMINATION KITS,O/D, 33 KV. 1X400",EA,,2962,,,,,,,,
1020150201,115KV.TERMINATOR O/D 800SQ.MM3070MM,EA,,152900,,,,,,,,
1020150202,"CABLE TERMINATION,GIS,115 KV. 1X800",EA,,60830,,,,,,,,
1020150204,"115kV.TERMINATOR KIT,O/D,1x800,67-73mm",EA,,101400,,,,,,,,
1020150300,"TERMINAL O/D,FOR TAC 22 KV. 120 SQ.MM.",EA,,8800,,,,,,,,
1020160007,"CABLE TERMINATION KITS,I/D,22 KV. 1X240",EA,,1026,,,,,,,,
1020160008,"CABLE TERMINATION KITS,I/D,22 KV. 1X500",EA,,1971,,,,,,,,
1020160009,"CABLE TERMINATION KITS,I/D,22 KV.1 X 400",EA,,1577,,,,,,,,
1020160101,"CABLE TERMINATION KITS,I/D,33 KV. 1X50",EA,,1450,,,,,,,,
1020160107,"CABLE TERMINATION KITS,I/D,33 KV. 1X240",EA,,2191,,,,,,,,
1020160108,"CABLE TERMINATION KITS,I/D,33 KV.1X400",EA,,1962,,,,,,,,
1020170001,"SPLICING KIT, FOR UG CABLE 22 KV. 1X50",EA,,3402,,,,,,,,
1020170006,"SPLICING KIT,FOR UG CABLE, 22 KV. 1X185",EA,,1818,,,,,,,,
1020170007,"SPLICING KIT,FOR UG CABLE 22 KV. 1X240",EA,,3732,,,,,,,,
1020170008,"SPLICING KIT,FOR UG CABLE,22 KV. 1X500",EA,,2939,,,,,,,,
1020170009,"SPLICING KIT,FOR UG CABLE,22 KV.1X400",EA,,4368,,,,,,,,
1020170101,"SPLICING KIT, FOR UG CABLE 33 KV, 1X50",EA,,6499,,,,,,,,
1020170107,"SPLICING KIT,FOR UG CABLE 33 KV. 1X240",EA,,5721,,,,,,,,
1020170108,"SPLICING KIT,FOR UG CABLE ,33 KV. 1X400",EA,,5435,,,,,,,,
1020170109,"SPLICING KIT,FOR UG CABLE ,33 KV. 1X500",EA,,4324,,,,,,,,
1020170200,"SPLICING KIT,115kV.1x800,67-73 mm",EA,,99630,,,,,,,,
1020170201,"SPLICING KIT,115kV.1x800,67-73 mm.C-BOND",EA,,91600,,,,,,,,
1020170203,"SPLICING KIT,115kV.1x800,77-80 mm",EA,,85980,,,,,,,,
1020170204,"SPLICING KIT,115kV.1x800,77-80 mm.C-BOND",EA,,91210,,,,,,,,
1020170300,"SPLICING KIT,TWISTED,AL 22 KV. 3-1X120",EA,,20700,,,,,,,,
1020170400,CROSS BOND LINK BOXES,EA,,143700,,,,,,,,
1020170402,"SINGLE POINT BOND LINK BOX, SINGLE-CORE",EA,,150000,,,,,,,,
1020170403,"SINGLE POINT BOND LINK BOX, COAXIAL",EA,,180000,,,,,,,,
1020170404,"DIRECT EARTHING LINK BOX, SINGLE-CORE",EA,,108500,,,,,,,,
1020170405,"DIRECT EARTHING LINK BOX, COAXIAL",EA,,165000,,,,,,,,
1020170406,"CROSS BOND LINK BOX, COAXIAL",EA,,180000,,,,,,,,
1020170500,REPAIR JOINT FOR SUBMARINE 33KV. 3X120,EA,,1715800,,,,,,,,
1020170501,REPAIR JOINT FOR SUBMARINE 33KV. 3X185,EA,,1789700,,,,,,,,
1020170502,REPAIR JOINT FOR SUBMARINE 115KV. 3X185,EA,,4066900,,,,,,,,
1020170503,REPAIR JOINT FOR SUBMARINE 115KV. 3X240,EA,,4100400,,,,,,,,
1020170504,REPAIR JOINT FOR SUBMARINE 115KV. 3X500,EA,,4593700,,,,,,,,
1020180000,"TAPE,PVC,O/D,0.125X19X10,000 MM. TIS.386",EA,,4.7,,,,,,,,
1020180001,"TAPE,PVC,O/D,0.18X19X10,000 MM. TIS.386",EA,6.21,6.21,,,,,,,,
1020180002,"TAPE,PVC,O/D,0.18X19X20,000 MM. TIS.386",EA,,10.5,,,,,,,,
1020180003,"SPLICING TAPE,AERIAL CABLE,3/4X30'",EA,,33.1,,,,,,,,
1020180004,"TAPE,ELECTRICAL,SILICONE,25.4 MM.X9 M.",EA,,398,,,,,,,,
1020180005,"TAPE,PUTTY,INSULATION,38 MM.X1.5 M.",EA,,77.9,,,,,,,,
1020180006,"DIELECTRIC AIRSEAL,100 X 100 X 3.1 MM.",EA,,55,,,,,,,,
1020180008,"EPR, HIGH-VOLTAGE INSULATING TAPE",EA,,140,,,,,,,,
1020200000,"TAPE,ARMOR,AL 1X10 MM.",KG,252,252,,,,,,,,
1020200002,"TIE WIRE,AL 4.0 MM.",KG,203,203,,,,,,,,
1020200003,COVERED TIE WIRE.AL.4.0 MM.,M,9.71,9.71,,,,,,,,
1020200100,"VIBRATION DAMPER,SPIRAL,ST. WIRE 25",EA,,161,,,,,,,,
1020200101,"VIBRATION DAMPER,SPIRAL,AL 50,ACSR 50/8",EA,,177,,,,,,,,
1020200102,"VIBRATION DAMPER,SPIRAL,AL95-120,ACSR95",EA,,259,,,,,,,,
1020200103,"VIBRATION DAMPER,SPIRAL,AL185,ACSR120-",EA,,242,,,,,,,,
1020200104,"VIBRATION DAMPER,DUMBELL,AL.400 SQ.MM.",EA,,1032,,,,,,,,
1020200106,"VIBRATION DAMPER,DUMBELL,ST. WIRE 50",EA,,558,,,,,,,,
1020200107,"VIBRATION DAMPER,DUMBELLS,ACSR 380/50",EA,,933,,,,,,,,
1020210104,"LINE GUARD,PREFORMED,AL 95 SQ.MM.",EA,,30.7,,,,,,,,
1020210105,"LINE GUARD,PREFORMED,AL 120 SQ.MM.",EA,,30.7,,,,,,,,
1020210107,"LINE GUARD,PREFORMED,AL 185 SQ.MM.",EA,,117,,,,,,,,
1020210109,"LINE GUARD,PREFORMED,AL 400 SQ.MM.",EA,,346,,,,,,,,
1020220105,"ARMOR ROD,PREFORMED,AL-ALLOY 120 SQ.MM.",EA,,118,,,,,,,,
1020220107,"ARMOR ROD,PREFORMED,AL-ALLOY 185 SQ.MM.",EA,272,272,,,,,,,,
1020220109,"ARMOR ROD,PREFORMED,AL-ALLOY 400 SQ.MM.",EA,760,760,,,,,,,,
1020230001,"ARMOR-GRIP,PREFORMED,AL 400 SQ.MM.",EA,,1461,,,,,,,,
1020230003,ARMOR-GRIP.PREFORMED.OPGW.CONCRETE POLE,EA,2939,2939,,,,,,,,
1020230004,ARMOR-GRIP.PREFORMED.OPGW.BEYONET,EA,3051,3051,,,,,,,,
1020240000,"SPACER,HELICAL ROD,PREFORMED,AL 400",EA,274,274,,,,,,,,
1020240101,"CABLE SPACER,AL-ALLOY,AL BUNDLE 625",EA,,400,,,,,,,,
1020250001,"PREFORMED D/E,FOR PIC 22 KV. 50 SQ.MM.",EA,,67.9,,,,,,,,
1020250002,"PREFORMED D/E,FOR PIC 22 KV. 95 SQ.MM.",EA,,71.9,,,,,,,,
1020250004,"PREFORMED D/E,FOR PIC 22 KV. 185 SQ.MM.",EA,,96,,,,,,,,
1020250101,"PREFORMED D/E,FOR PIC 33 KV. 50 SQ.MM.",EA,,49,,,,,,,,
1020250200,"PREFORMED D/E,PIC 22 KV 120 SQ.MM.",EA,,106,,,,,,,,
1020250220,"PREFORMED D/E,PIC 33 KV.120 SQ.MM.",EA,,78.5,,,,,,,,
1020250221,"PREFORMED D/E,PIC 33 KV 185 SQ.MM.",EA,,92.9,,,,,,,,
1020250300,PREFORMED D/E. OPGW.DIA. 14 MM.,EA,542,542,,,,,,,,
1020260003,"PREFORMED D/E,SAC 22 KV.,AL 150 SQ.MM.",EA,,355,,,,,,,,
1020260005,"PREFORMED D/E,SAC 22 KV.,AL 240 SQ.MM.",EA,,518,,,,,,,,
1020260100,"PREFORMED D/E,SAC 33 KV.,AL 50 SQ.MM.",EA,,138,,,,,,,,
1020260104,"PREFORMED D/E,SAC 33 KV.,AL 185 SQ.MM.",EA,,174,,,,,,,,
1020260200,"PREFORMED D/E,SAC 22 KV 120 SQ.MM.",EA,,127,,,,,,,,
1020260201,"PREFORMED D/E,SAC 22 KV 185 SQ.MM.",EA,133,133,,,,,,,,
1020260202,"PREFORMED D/E,SAC 22kV 50sq.mm. 21.80mm",EA,60,60,,,,,,,,
1020260203,"PREFORMED D/E,SAC 22kV 95sq.mm. 25.25mm",EA,,60,,,,,,,,
1020260204,"PREFORMED D/E,SAC 22kV 120sq.mm. 26.75mm",EA,,130,,,,,,,,
1020260205,"PREFORMED D/E,SAC 22kV 185sq.mm. 29.78mm",EA,151,151,,,,,,,,
1020260206,"PREFORMED D/E,SAC 33kV 50sq.mm. 26.46mm",EA,60,63.1,,,,,,,,
1020260207,"PREFORMED D/E,SAC 33kV 95sq.mm. 29.91mm",EA,,120,,,,,,,,
1020260208,"PREFORMED D/E,SAC 33kV 120sq.mm. 31.41mm",EA,,130,,,,,,,,
1020260209,"PREFORMED D/E,SAC 33kV 185sq.mm. 34.44mm",EA,160,160,,,,,,,,
1020260300,"PREFORMED D/E, AW 25 SQ.MM.",EA,,47.2,,,,,,,,
1020260301,"PREFORMED D/E, AW 50 SQ.MM.",EA,,64.6,,,,,,,,
1020260302,"PREFORMED D/E, AW 95 SQ.MM.",EA,,95.4,,,,,,,,
1020270006,"CABLE GRIP,CLOSED/M,UG 400 SQ.MM 22 KV",EA,,3276,,,,,,,,
1020270008,"CABLE GRIP,COLSED/M,UG 500 SQ.MM 22 KV",EA,,4714,,,,,,,,
1020270009,"CABLE GRIP,CLOSED/M,3 UG 240 SQ.MM.22 KV",EA,,3951,,,,,,,,
1020270010,"CABLE GRIP, CLOSED/M,3 UG,50 SQ.MM.22 KV",EA,,1600,,,,,,,,
1020280000,"COMPOSITE TIE,22 KV PIC 50,TOP,56-2",EA,,590,,,,,,,,
1020280002,"COMPOSITE TIE,22 KV PIC 185,TOP,56/57-2",EA,,575,,,,,,,,
1020280005,"COMPOSITE TIE,22 KV PIC 185,ANG,56/57-2",EA,,575,,,,,,,,
1020280100,"COMPOSITE TIE, 33 KV PIC 50,TOP,56-3",EA,,250,,,,,,,,
1020280102,"COMPOSITE TIE,33 KV,PIC 185,TOP,56/57-3",EA,,207,,,,,,,,
1020280104,"COMPOSITE TIE,33 KV PIC 50,ANG,56-3",EA,,260,,,,,,,,
1020280106,"COMPOSITE TIE,33 KV PIC 185,ANG,56/57-3",EA,,234,,,,,,,,
1020300000,"CONN.,PG,SINGLE BOLT,CU 2.5-25 SQ.MM",EA,,60,,,,,,,,
1020300005,"CONN.,PG,DOUBLE BOLT,CU 50-95 SQ.MM.",EA,,358,,,,,,,,
1020300101,"CONN.,PG,DOUBLE BOLT,AL 16-70 SQ.MM.",EA,18.7,18.7,,,,,,,,
1020300102,"CONN.,PG,DOUBLE BOLT,AL 25-95 SQ.MM.",EA,20.4,20.4,,,,,,,,
1020300103,"CONN.,PG,TRIPLE BOLT,AL70-18S SQ.MM.",EA,70.4,70.4,,,,,,,,
1020300303,CONN.PG.TRIPLE BOLT.OPGW.CONCRETE POLE,EA,659,659,,,,,,,,
1020310000,"CONNECTOR,DEAD END,AL 25-35 SQ.MM.",EA,,12.8,,,,,,,,
1020310001,"CONNECTOR,D/E,AL 50-70 SQ.MM.",EA,,19.1,,,,,,,,
1020310002,"CONNECTOR,D/E,AL 95-120 SQ.MM.",EA,,38.6,,,,,,,,
1020320000,"H-CONNECTOR,MAIN AL 10-16,TAP CU 4-10",EA,,7,,,,,,,,
1020320001,"H-CONNECTOR,MAIN AL 25-50,TAP CU 2.5-6",EA,,3.14,,,,,,,,
1020320002,"H-CONNECTOR,MAIN AL 25-50 ,TAP CU 16-35",EA,,3.27,,,,,,,,
1020320003,"H-CONNECTOR,MAIN AL 50-95 ,TAP CU 50-95",EA,,8.73,,,,,,,,
1020320004,"H-CONNECTOR,MAIN AL 70-95 ,TAP CU 16-35",EA,,4.22,,,,,,,,
1020320005,"H-CONNECTTOR,MAIN AL. 35-50,TAP CU 6-10",EA,,3.98,,,,,,,,
1020320006,"H-CONECTOR,MAIN AL. 70-95 ,TAP CU. 6-10",EA,,3.83,,,,,,,,
1020320009,"H-CONNCTOR,MAIN AL 10-16,TAP AL/CU 4-10",EA,,17.4,,,,,,,,
1020320010,"H-CONNCTOR,MAIN AL 25-50,TAP AL/CU 2.5-6",EA,,17.2,,,,,,,,
1020320011,"H-CONNCTOR,MAIN AL 25-50,TAP AL/CU 16-35",EA,,14.3,,,,,,,,
1020320012,"H-CONNCTOR,MAIN AL 50-95,TAP AL/CU 50-95",EA,,16.4,,,,,,,,
1020320013,"H-CONNCTOR,MAIN AL 70-95,TAP CU 16-35",EA,,12.9,,,,,,,,
1020320014,"H-CONNCTOR,MAIN AL 35-50,TAP CU 6-10",EA,,14.2,,,,,,,,
1020320015,"H-CONNCTOR,MAIN AL 70-95,TAP CU 6-10",EA,,9.32,,,,,,,,
1020330000,"BAIL-CLAMP,MAIN AL 25-50 SQ.MM.",EA,,122,,,,,,,,
1020330001,"BAIL-CLAMP,MAIN AL 70-185 SQ.MM.",EA,,192,,,,,,,,
1020330005,"HOTLINE BAIL-CLAMP,MAIN 35-70 SQ.MM.",EA,645,645,,,,,,,,
1020330006,"HOTLINE BAIL-CLAMP,MAIN 70-185 SQ.MM.",EA,743,743,,,,,,,,
1020330100,"HOTLINE CLAMP,MAIN,AL 25-50 SQ.MM.",EA,,105,,,,,,,,
1020330101,"HOTLINE CLAMP,MAIN,AL 50-120 SQ.MM.",EA,188,188,,,,,,,,
1020330102,"HOTLINE CLAMP,PIERC.,PIC 22-33 KV.50-185",EA,,572,,,,,,,,
1020330104,"HOTLINE CLAMP,MAIN35-185,TAP50-185SQ.MM.",EA,603,603,,,,,,,,
1020340000,"CONN.,WEDGE,MAIN 95 SQ.MM.TAP 95",EA,,254,,,,,,,,
1020340001,"CONN.,WEDGE,MAIN 185 SQ.MM.TAP 120",EA,,253,,,,,,,,
1020340002,"CONN.,WEDGE,MAIN 185 SQ.MM.TAP 50 SQ.MM.",EA,,243,,,,,,,,
1020360000,IPC MAIN 16-95 SQ.MM. TAP 6-35 SQ.MM.,EA,,212,,,,,,,,
1020400000,"CONN.,SPLICE,TENSION AL 25 SQ.MM.",EA,,15.4,,,,,,,,
1020400001,"CONN.,SPLICE,TENSION AL 35 SQ.MM.",EA,,24.3,,,,,,,,
1020400002,"CONN.,SPLICE,TENSION AL 50 SQ.MM.",EA,13.8,13.8,,,,,,,,
1020400003,"CONN.,SPLICE,TENSION AL 70 SQ.MM.",EA,,11.7,,,,,,,,
1020400004,"CONN.,SPLICE,TENSION AL 95 SQ.MM.",EA,28.7,28.7,,,,,,,,
1020400005,"CONN.,SPLICE,TENSION AL 120 SQ.MM.",EA,,59.8,,,,,,,,
1020400007,"CONN.,SPLICE,TENSION AL 185 SQ.MM.",EA,61.6,61.6,,,,,,,,
1020400008,"CONN.,SPLICE,TENSION AL 240 SQ.MM.",EA,,160,,,,,,,,
1020400009,"CONN.,SPLICE,TENSION AL 400 SQ.MM.",EA,211,211,,,,,,,,
1020400012,"SLEEVE,TENSION AL 50 SQ.MM.",EA,,58.5,,,,,,,,
1020400017,"SLEEVE,TENSION AL 185 SQ.MM.",EA,,174,,,,,,,,
1020400019,"SLEEVE,TENSION AL 400 SQ.MM.",EA,,564,,,,,,,,
1020400022,"SLEEVE,TENSION COM.AL 50 SQ.MM.",EA,,67.6,,,,,,,,
1020400027,"SLEEVE,TENSION COM.AL 185 SQ.MM.",EA,,221,,,,,,,,
1020400101,"CONN.,SPLICE,TENSION ACSR 35/6 SQ.MM.",EA,,50,,,,,,,,
1020400102,"CONN.,SPLICE,TENSION ACSR 50/8 SQ.MM.",EA,57.5,57.5,,,,,,,,
1020400103,"CONN.,SPLICE,TENSION ACSR 70/12 SQ.MM.",EA,,240,,,,,,,,
1020400104,"CONN.,SPLICE,TENSION ACSR 95/15 SQ.MM.",EA,,250,,,,,,,,
1020410001,"CONN.,SPLICE,TENSIONLESS AL 35 SQ.MM.",EA,,25,,,,,,,,
1020410002,"CONN.,SPLICE,TENSIONLESS AL 50 SQ.MM.",EA,8.79,8.79,,,,,,,,
1020410003,"CONN.,SPLICE,TENSIONLESS AL 70 SQ.MM.",EA,,5.84,,,,,,,,
1020410004,"CONN.,SPLICE,TENSIONLESS AL 95 SQ.MM.",EA,21.2,21.2,,,,,,,,
1020410005,"CONN.,SPLICE,TENSIONLESS AL 120 SQ.MM.",EA,,43.1,,,,,,,,
1020410007,"CONN.,SPLICE,TENSIONLESS AL 185 SQ.MM.",EA,26.4,26.4,,,,,,,,
1020410009,"CONN.,SPLICE,TENSIONLESS AL 400 SQ.MM.",EA,150,187,,,,,,,,
1020410014,"SLEEVE,TENSIONLESS AL 50 SQ.MM.",EA,,47.5,,,,,,,,
1020410017,"SLEEVE,TENSIONLESS AL 185 SQ.MM.",EA,,152,,,,,,,,
1020410019,"SLEEVE,TENSIONLESS AL 400 SQ.MM.",EA,,409,,,,,,,,
1020410022,"SLEEVE,TENSIONLESS COM.AL 50 SQ.MM.",EA,,57.3,,,,,,,,
1020410027,"SLEEVE,TENSIONLESS COM.AL 185 SQ.MM.",EA,,167,,,,,,,,
1020410101,"CONN.,SPLICE,TENSIONLESS ACSR 35/6 SQ.MM",EA,,30,,,,,,,,
1020410102,"CONN.,SPLICE,TENSIONLESS ACSR 50/8 SQ.MM",EA,9.38,9.38,,,,,,,,
1020410103,"CONN.,SPLICE,TENSIONLESS ACSR 70/12",EA,,50,,,,,,,,
1020410104,"CONN.,SPLICE,TENSIONLESS ACSR 95/15",EA,,72,,,,,,,,
1020420101,"CABLE LUG,NEMA 2-HOLE,AL 35 SQ.MM.",EA,,24.4,,,,,,,,
1020420102,"CABLE LUG,NEMA 2-HOLE,AL 50 SQ.MM.",EA,10.7,10.7,,,,,,,,
1020420103,"CABLE LUG,NEMA 2-HOLE,AL 70 SQ.MM.",EA,,31.9,,,,,,,,
1020420104,"CABLE LUG,NEMA 2-HOLE,AL 95 SQ.MM.",EA,23.5,23.5,,,,,,,,
1020420105,"CABLE LUG,NEMA 2-HOLE,AL 120 SQ.MM.",EA,,30.2,,,,,,,,
1020420106,"CABLE LUG,NEMA 2-HOLE,AL 185 SQ.MM.",EA,35.2,35.2,,,,,,,,
1020420107,"TERMINAL,NEMA 2-HOLE,AL 240 SQ.MM.",EA,,121,,,,,,,,
1020420201,"TERMINAL,NEMA 4-HOLE,AL 400 SQ.MM.",EA,270,270,,,,,,,,
1020420302,"TERMINAL,15 DEG.,NEMA 4-H,AL 400 SQ.MM.",EA,293,293,,,,,,,,
1020420400,"PIN TERMINAL,FOR AL.CONDUCTOR 50 SQ.MM.",EA,35.2,35.2,,,,,,,,
1020420500,"CABLE LUG,CU. CABLE 120 SQ.MM.",EA,,261,,,,,,,,
1020420501,"CABLE LUG,CU. CABLE 185 SQ.MM.",EA,,288,,,,,,,,
1020430001,"CLAMP,D/E,SINGLE LUG,AL 400 SQ.MM.",EA,584,584,,,,,,,,
1020430101,"CLAMP,D/E,DOUBLE LUG,AL 400 SQ.MM.",EA,602,602,,,,,,,,
1020440000,"CABLE SPACER,POLY,SAC 22-33 KV. 50-185",EA,,184,,,,,,,,
1020440001,"CABLE SPACER,PORCELAIN,SAC 22 KV 50-240",EA,,1117,,,,,,,,
1020440002,"CABLE SPACER,PORCELAIN,SAC 22 KV.120-185",EA,,946,,,,,,,,
1020440003,"CABLE SPACER,PORCELAIN,SAC 22 KV 240",EA,,946,,,,,,,,
1020440004,"CABLE SPACER,PORCELAIN,TYPE 1,POLLUTED",EA,,1117,,,,,,,,
1020440005,"CABLE SPACER,PORCELAIN,TYPE 2,POLLUTED",EA,,1093,,,,,,,,
1020440006,"CABLE SPACER, PORCELAIN, TYPE 3",EA,1567,1567,,,,,,,,
1020440007,"CABLE SPACER, PORCELAIN, TYPE 4",EA,1849,1849,,,,,,,,
1020440008,"CABLE SPACER,HDPE-MTEC,SAC 50-185 SQ.MM.",EA,,1195,,,,,,,,
1020440009,"CABLE SPACER, HDPE WITH GRIP LOCK",EA,,731,,,,,,,,
1020440100,"CLAMP,CABLE SUSPENSION",EA,,36.7,,,,,,,,
1020440101,"CLEVIS,FLAT STEEL,PORC SPACER",EA,,26.4,,,,,,,,
1020440102,"CLAMP,GUY,TRIPLE BOLT",EA,93.4,93.4,,,,,,,,
1020440103,"LINK,CABLE SPACER",EA,19.2,19.2,,,,,,,,
1020440104,"BRACKET,FOR AERIAL CABLE CORNER SUPPORT",EA,,1300,,,,,,,,
1020440105,"BRACKET,FOR AERIAL CABLE TANGENT SUPPORT",EA,341,341,,,,,,,,
1020440106,"SNAP TIE, FOR MAT.NO 02440000",EA,31.1,31.1,,,,,,,,
1020440107,"SNAP TIE,22 KV 50-95/33 KV50",EA,,9.47,,,,,,,,
1020440108,"SNAP TIE,22 KV95-120/33 KV95-120",EA,,22.8,,,,,,,,
1020440109,"SNAP TIE,22 KV 240/33 KV 150-185",EA,,22.3,,,,,,,,
1020440111,"SNAP TIE,MASSENGER,PORCELAIN SPACER",EA,,22.9,,,,,,,,
1020440112,"BRACKET,SAC CORNER SUPPORT, 22-33 KV",EA,1297,1297,,,,,,,,
1020440113,"SNAP TIES,22 KV50 FOR PORC SPACER",EA,31.1,31.1,,,,,,,,
1020440114,"SNAP SITE,22 KV95&33 KV50,PORC SPACER",EA,31.1,31.1,,,,,,,,
1020440115,"SNAP TIES,22 KV120&33 KV50,PORC SPACER",EA,31.1,31.1,,,,,,,,
1020440116,"SNAP TIES,22 KV185&33 KV120,PORC SPACER",EA,31.1,31.1,,,,,,,,
1020440117,"SNAP TIES,SAC 33 KV185,PORC SPACER",EA,31.1,31.1,,,,,,,,
1020440118,"ห่วงรัดสาย, สีคิ้วเกลียวรัด 50-185 ต.มม",EA,,2.48,,,,,,,,
1020440119,ห่วงรัดสายเคเบิลอากาศแบบยืดหยุ่น,EA,29.3,29.3,,,,,,,,
1020440121,"BRACKET FOR SAC, CORNER SUPPORT, 33kV",EA,1535,1535,,,,,,,,
1020440122,MESSENGER GROUND WIRE BAYONET BRACKET,EA,,555,,,,,,,,
1020440200,SUSPENSION HOOK,EA,,705,,,,,,,,
1020440201,"SUSPENSION CLAMP,TWISTED AERIAL CABLE",EA,,815,,,,,,,,
1020440202,SUSPENSION AND D/E HOOK,EA,,564,,,,,,,,
1020440203,D/E CLAMP FOR MESSENGER OF TAC,EA,,566,,,,,,,,
1020440204,SPLIT PLASTIC TUBE WITH 2 NYLON TIES,EA,,95.8,,,,,,,,
1020440207,ที่แขวนสายหุ้มฉนวนเต็มพิกัดตีเกลียว,EA,,370,,,,,,,,
1020450001,"PLATE,AL,1mm THICK,PAINT COMP,4 SCREWS",EA,,585,,,,,,,,
1020500004,"CONN.,T-TYPE, AL,MAIN 400,TAP OFF 95-185",EA,1177,1517,,,,,,,,
1020500005,"CONN.,T-TYPE,MAIN 400 ,TAP 185-240",EA,1177,1411,,,,,,,,
1020500006,"CONN.,T-TYPE,AL,MAIN 400 ,TAP 400",EA,1177,1177,,,,,,,,
1020500010,"CONN.,T-TYPE, AL.,COND. 400 TO 4 - HOLE",EA,1268,1268,,,,,,,,
1020500100,"CONN.,T-TYPE,COMP.,AL MAIN 400,4-HOLE",EA,893,993,,,,,,,,
1020560200,"PAD COUPLER,AL-ALLOY,T-TYPE",EA,,1547,,,,,,,,
1020560201,"PAD COUPLER,AL-ALLOY,STRAIGHT-TYPE",EA,,860,,,,,,,,
1020570003,"BUS SUPPORT 3,BC,2 AL COND. 400 SQ.MM.",EA,,865,,,,,,,,
1020570106,"CLAMP, TOP TYPE, DOUBLE COND., AL 400",EA,2052,2052,,,,,,,,
1020570107,"BRACKET, INS LINE POST 115 kV, GAIN BASE",PAK,,7145,,,,,,,,
1030000001,"INSULATOR,PIN TYPE,CLASS 56-2 TIS.279",EA,,141,,,,,,,,
1030000002,"INSULATOR,PIN TYPE,CLASS 56-3 TIS.279",EA,,197,,,,,,,,
1030000003,"INSULATOR,PIN,FOG TYPE, 33 KV.",EA,,2275,,,,,,,,
1030009901,"INSULATOR,PIN TYPE,EEI-NEMA CLASS 55-2",EA,,1.25,,,,,,,,
1030010000,"INSULATOR,POST TYPE, 33 KV.",EA,,1600,,,,,,,,
1030010001,"INSULATORLINE-POST, 22 KV.CLASS 57-2L",EA,,554,,,,,,,,
1030010002,"INSULATOR,LINE-POST, 22 KV.,57-2L,P/A",EA,799,799,,,,,,,,
1030010003,"INSULATOR,LINE-POST,33KV.,57-3L TIS.1077",EA,1279,1279,,,,,,,,
1030010004,"INSULATOR,LINE-POST,33KV.,57-4L TIS.1077",EA,,1530,,,,,,,,
1030010005,"INSULATOR,LINE-POST, 33 KV.R/G",EA,,2950,,,,,,,,
1030010006,ลูกถ้วยแท่งชนิด COMPOSITE ระบบ 33 เควี,EA,,2152,,,,,,,,
1030010007,"COMPOSITE,LINE-POST,INSULATOR, 22 KV",EA,,3200,,,,,,,,
1030010008,"INSULATOR,LINE-POST,57-2,TIS.2623",EA,799,799,,,,,,,,
1030010009,"INSULATOR,LINE-POST,57-3,TIS.2623",EA,1279,1279,,,,,,,,
1030010101,"INSULATOR,PIN POST,22 KV. P/A",EA,982,982,,,,,,,,
1030010102,"INSULATOR,PIN POST,56/57-4 TIS.1251",EA,3446,3446,,,,,,,,
1030010103,"INSULATOR, PIN POST,56/57-3 TIS.1251",EA,2072,2072,,,,,,,,
1030010104,"INSULATOR,PIN-POST,56/57-2,TIS.2623",EA,982,982,,,,,,,,
1030010105,"INSULATOR,PIN-POST,56/57-3,TIS.2623",EA,2072,2072,,,,,,,,
1030010106,"INSULATOR,PIN-POST,56/57-4,TIS.2623",EA,3446,3446,,,,,,,,
1030010200,"INSULATOR,POST, 7.5 KV.,ANSI TR-202",EA,,2637,,,,,,,,
1030010201,"INSULATOR,POST, 22 KV.,ANSI TR-208",EA,,2508,,,,,,,,
1030010204,"INSULATOR, POST, 115 KV.,HOR. MOUNT",EA,25590,25590,,,,,,,,
1030010205,"115 kV, INSULATOR, POST, HOR. MOUNT",EA,,23780,,,,,,,,
1030020000,"INSULATOR,SUSPENSION,CLASS 52-1,TIS.354",EA,332,332,,,,,,,,
1030020001,"INSULATOR,SUSPENSION,CLASS 52-3,TIS.354",EA,702,702,,,,,,,,
1030020002,"INSULATOR,SUSPENSION,CLASS 52-4,TIS.354",EA,637,637,,,,,,,,
1030020003,"INSULATOR,SUSPENSION,CLASS 52-8,TIS.354",EA,949,949,,,,,,,,
1030020004,ลูกถ้วยแขวนชนิด COMPOSITE ระบบ 33 เควี,EA,,1344,,,,,,,,
1030020005,"COMPOSITE,SUSPENSION,INSULATOR, 22 KV",EA,,1967,,,,,,,,
1030020100,"COMP. INS.,SUSPENSION,1.1-1.2 M.,110 KN.",EA,981,981,,,,,,,,
1030020101,"COMP. INS.,SUSPENSION,1.5-1.6 M.,110 KN.",EA,1157,1414,,,,,,,,
1030020103,"COMP. INS.,SUSPENSION,1.5-1.6 M.,220 KN.",EA,1520,1520,,,,,,,,
1030030000,"INSULATOR,SPOOL,CLASS 53-2 TIS.227",EA,27,27,,,,,,,,
1030030100,"INSULATOR,STRAIN,CLASS 54-1 TIS.280",EA,44.1,44.1,,,,,,,,
1030030103,"INSULATOR,STRAIN,CLASS 54-4 TIS.280",EA,142,142,,,,,,,,
1030100000,"PIN,INSULATOR, 22 KV.",EA,,87.7,,,,,,,,
1030100001,"PIN,INSULATOR, 33 KV.",EA,,101,,,,,,,,
1030100002,"PIN,FOR FOG TYPE PIN INSULATOR 33 KV.",EA,,630,,,,,,,,
1030109900,"PIN ,FOR L.T. INSULATOR",EA,,1.5,,,,,,,,
1030110000,"CLAMP,STRAIN,AL 35-70,ACSR 35-50 SQ.MM.",EA,116,116,,,,,,,,
1030110001,"CLAMP,STRAIN,AL 95 SQ.MM.ACSR 70 SQ.MM.",EA,,157,,,,,,,,
1030110002,"CLAMP,STRAIN,AL 120 SQ.MM.ACSR 95 SQ.MM.",EA,,200,,,,,,,,
1030110004,"CLAMP,STRAIN, FOR AL 185 SQ.MM.",EA,194,194,,,,,,,,
1030110005,"CLAMP,STRAIN, FOR AL 240 SQ.MM.",EA,,178,,,,,,,,
1030110007,"CLAMP,STRAIN,FOR ACSR 120-185 SQ.MM.",EA,481,481,,,,,,,,
1030110103,"CLAMP,STRAIN,KEEPER,AL 400 SQ.MM.",EA,805,805,,,,,,,,
1030110105,"CLAMP, STRAIN,KEEPER,ACSR 380/50 SQ.MM.",EA,,1721,,,,,,,,
1030110300,"CLAMP,STRIAN,ST. STRANED WIRE 50 SQ.MM.",EA,,1024,,,,,,,,
1030120002,"CLAMP,SUSPENSION,FOR AL 400 SQ.MM.",EA,286,286,,,,,,,,
1030120004,"SUSPENSION CLAMP,FOR AL400SQ.MM.(REVISE)",EA,,544,,,,,,,,
1030130000,"RACK, 2X200 MM. EXT.BACK",EA,120,120,,,,,,,,
1030130001,"RACK, 3X200 MM. EXT.BACK",EA,204,204,,,,,,,,
1030130002,"RACK, 4X200 MM. EXT.BACK",EA,277,277,,,,,,,,
1030130003,"RACK, 1X200 MM., HORIZONTAL",EA,,180,,,,,,,,
1030130004,"RACK, 2X200 MM., HORIZONTAL",EA,,124,,,,,,,,
1030130005,"RACK, 3X200 MM., HORIZONTAL",EA,,204,,,,,,,,
1030130006,"RACK, 4X200 MM., HORIZONTAL",EA,,215,,,,,,,,
1030130100,"CLEVIS,FLAT STEEL 4 1/4,INSULATOR,53-2",EA,55.8,55.8,,,,,,,,
1030130101,"CLEVIS,DIVIDED,INSULATOR,CLASS 53-2",EA,,65,,,,,,,,
1030140000,CIVIS EYE,EA,96.2,96.2,,,,,,,,
1030140001,BALL-CLEVIS ANSI TYPE K,EA,195,195,,,,,,,,
1030140002,BALL-HOOK,EA,87.5,87.5,,,,,,,,
1030140003,SOCKET-EYE,EA,102,102,,,,,,,,
1030140004,Y-CLEVIS-BALL,EA,160,160,,,,,,,,
1030140005,BALL-CLEVIS ANSI.TYPE B,EA,102,102,,,,,,,,
1030140006,SOCKET-CLEVIS ANSI.TYPE B,EA,112,112,,,,,,,,
1030140007,SOCKET-CLEVIS ANSI.TYPE K,EA,225,225,,,,,,,,
1030140011,"CLEVIS,THIMBLE,FOR PREFORMED DEAD-END",EA,39.3,39.3,,,,,,,,
1030140012,"BRACKET,CORNER SUSPENSION",EA,219,219,,,,,,,,
1030140013,"SPACER,PLATE,FOR AL 400 SQ.MM.",EA,189,199,,,,,,,,
1040000000,"S.A., 21 KV. 5 KA.",EA,775,775,,,,,,,,
1040000001,"S.A., 21 KV. 10 KA.",EA,1320,1320,,,,,,,,
1040000002,"S.A., 24 KV. 5 KA.",EA,833,964,,,,,,,,
1040000003,"S.A., 24 KV. 10 KA.",EA,1650,1856,,,,,,,,
1040000004,"CLAH SET,FOR 22 KV PIN POST INSULATOR",EA,,2216,,,,,,,,
1040000007,"S.A., 21 KV.5 KA.,WITHOUT BRACKET",EA,725,725,,,,,,,,
1040000008,"S.A., 24 kV.5 kA.,WITHOUT BRACKET.",EA,794,1672,,,,,,,,
1040000100,S.A. 30 KV. 5 KA.,EA,962,962,,,,,,,,
1040000101,S.A. 30 KV. 10 KA.,EA,1750,1750,,,,,,,,
1040000103,"S.A., 30 KV.10 KA,POLYMER HOUSING",EA,10880,10880,,,,,,,,
1040000106,"S.A., 30 kV.5kA.,WITHOUT BRACKET",EA,900,900,,,,,,,,
1040000201,S.A. 96 KV. 10 KA.,EA,,137500,,,,,,,,
1040000205,"S.A., 96 kV.10 kA. 3810 mm POLYMER",EA,,29250,,,,,,,,
1040000300,S.A. 250-500 V. 2.5-5.0 KA,EA,165,165,,,,,,,,
1040009907,"SVL, OUTDOOR, 3-4 KV, 10 KA",EA,,18500,,,,,,,,
1040009908,"SVL, OUTDOOR, 6-7 KV, 10 KA",EA,,3800,,,,,,,,
1040009909,"SVL, INDOOR, 6-7 KV, 10 KA",EA,,23000,,,,,,,,
1040009910,"SVL, OUTDOOR, 9-10 KV, 10 KA",EA,,24000,,,,,,,,
1040009911,"SVL, INDOOR, 9-10 KV, 10 KA",EA,,25000,,,,,,,,
1040010000,"DROPOUT,FUSE,22 KV.100 A.8 KA.",EA,,1263,,,,,,,,
1040010001,"DROPOUT,FUSE,22 KV.200 A.8 KA.",EA,,3585,,,,,,,,
1040010002,"DROPOUT,FUSE,22 KV.100 A.12 KA",EA,2550,2550,,,,,,,,
1040010003,"DROPOUT,FUSE,22 KV.200 A.12 KA",EA,,3769,,,,,,,,
1040010004,FUSE HOLDER 22 KV. 100 A. 8 KA.,EA,,561,,,,,,,,
1040010005,FUSE HOLDER 22 KV. 200 A. 8 KA.,EA,,1198,,,,,,,,
1040010006,FUSE HOLDER 22 KV. 100 A. 12 KA.,EA,,900,,,,,,,,
1040010008,"EXPENDABLE CAP, 22 KV. 100 A. 8 KA.",EA,,43.9,,,,,,,,
1040010009,"EXP. CAP FOR FUSE HOLDER,22 KV 200A 8 KA",EA,,51,,,,,,,,
1040010011,"DROPOUT,FUSE,ON-LOAD, 22 KV100 A.12 KA",EA,,5470,,,,,,,,
1040010012,"FUSE HOLDER,ON-LOAD,22 KV.100 A.12 KA,",EA,,1550,,,,,,,,
1040010015,ANIMAL BARRIER,EA,,450,,,,,,,,
1040010016,CUTOUT BRACKET,EA,,628,,,,,,,,
1040010017,"ANIMAL BARRIER, for 52-4-L",EA,,485,,,,,,,,
1040010018,"CUTOUT BRACKET w 52-4-L,100x100 CROSSARM",EA,,1262,,,,,,,,
1040010100,"DROPOUT,FUSE, 33 KV. 100 A.",EA,3700,3700,,,,,,,,
1040010102,FUSE HOLDER 33 KV. 100 A.,EA,,795,,,,,,,,
1040010104,"EXPENDABLE CAP, 33 KV. 100 A.",EA,,43,,,,,,,,
1040010106,"CUTOUT,FUSE,33 KV. 100 A., POLLUTED AREA",EA,,10500,,,,,,,,
1040010107,"FUSE HOLDER,FOR FUSE CUTOUT MAT.04010106",EA,,3613,,,,,,,,
1040020000,H.R.C. FUSE 32-36 A.DIN OR BS,EA,,37.9,,,,,,,,
1040020001,H.R.C. FUSE 50 A.DIN OR BS,EA,,46.5,,,,,,,,
1040020002,H.R.C. FUSE 80 A.DIN OR BS,EA,,57.3,,,,,,,,
1040020003,H.R.C. FUSE 100 A.DIN OR BS,EA,,68.2,,,,,,,,
1040020004,H.R.C. FUSE 150-160 A.DIN OR BS,EA,,77.7,,,,,,,,
1040020005,H.R.C. FUSE 200 A. DIN ORBS,EA,,76.6,,,,,,,,
1040020006,H.R.C. FUSE 250 A.DIN OR BS,EA,,85.9,,,,,,,,
1040020007,H.R.C. FUSE 300-315 A.DIN OR BS,EA,,146,,,,,,,,
1040020008,H.R.C. FUSE 350-355 A.DIN OR BS,EA,177,177,,,,,,,,
1040020009,H.R.C. FUSE 400 A.DIN OR BS,EA,,145,,,,,,,,
1040020010,"H.R.C. FUSE, BLADE CONTACT, 32 A",EA,,57.2,,,,,,,,
1040020011,"H.R.C. FUSE, BLADE CONTACT, 50 A",EA,,70.1,,,,,,,,
1040020012,"H.R.C. FUSE, BLADE CONTACT, 80 A",EA,,83.7,,,,,,,,
1040020013,"H.R.C. FUSE, BLADE CONTACT, 100 A",EA,,98.3,,,,,,,,
1040020014,"H.R.C. FUSE, BLADE CONTACT, 160 A",EA,,107,,,,,,,,
1040020015,"H.R.C. FUSE, BLADE CONTACT, 200 A",EA,,115,,,,,,,,
1040020016,"H.R.C. FUSE, BLADE CONTACT, 250 A",EA,,121,,,,,,,,
1040020017,"H.R.C. FUSE, BLADE CONTACT, 315 A",EA,,202,,,,,,,,
1040020019,"H.R.C. FUSE, BLADE CONTACT, 400 A",EA,,259,,,,,,,,
1040020100,L.T. FUSE-SWITCHES 1X400 A. 500 V.,EA,620,620,,,,,,,,
1040020102,"FSD, FULL INSULATED, 1X400A, 400V",EA,,2824,,,,,,,,
1040030000,FUSE LINK 22 KV. 1 A.EEI-NEMA TYPE K,EA,,23.8,,,,,,,,
1040030001,FUSE LINK 22 KV. 2 A.EEI-NEMA TYPE K,EA,,32.6,,,,,,,,
1040030002,FUSE LINK 22 KV. 3 A.EEI-NEMA TYPE K,EA,50,50,,,,,,,,
1040030003,FUSE LINK 22 KV. 5-6 A.EEI-NEMA TYPE K,EA,52,52,,,,,,,,
1040030004,FUSE LINK 22 KV. 8 A.EEI-NEMA TYPE K,EA,52.1,52.1,,,,,,,,
1040030005,FUSE LINK 22 KV. 10 A.EEI-NEMA TYPE K,EA,52.7,52.7,,,,,,,,
1040030006,FUSE LINK 22 KV. 15 A.EEI-NEMA TYPE K,EA,53.4,53.4,,,,,,,,
1040030007,FUSE LINK 22 KV. 20 A.EEI-NEMA TYPE K,EA,57.7,57.7,,,,,,,,
1040030008,FUSE LINK 22 KV. 25 A.EEI-NEMA TYPE K,EA,60.2,60.2,,,,,,,,
1040030009,FUSE LINK 22 KV. 30 A.EEI-NEMA TYPE K,EA,63.3,63.3,,,,,,,,
1040030010,FUSE LINK 22 KV. 40 A.EEI-NEMA TYPE K,EA,69.5,69.5,,,,,,,,
1040030011,FUSE LINK 22 KV. 50 A.EEI-NEMA TYPE K,EA,127,127,,,,,,,,
1040030012,FUSE LINK 22 KV. 65 A.EEI-NEMA TYPE K,EA,196,196,,,,,,,,
1040030013,FUSE LINK 22 KV. 100 A.EEI-NEMA TYPE K,EA,,133,,,,,,,,
1040030014,FUSE LINK 22 KV. 140 A.EEI-NEMA TYPE K,EA,,154,,,,,,,,
1040030015,FUSE LINK 22 KV. 200 A.EEI-NEMA TYPE K,EA,,141,,,,,,,,
1040030100,FUSE LINK 33 KV. 1 A.EEI-NEMA TYPE K,EA,,361,,,,,,,,
1040030101,FUSE LINK 33 KV. 2 A.EEI-NEMA TYPE K,EA,,33.9,,,,,,,,
1040030102,FUSE LINK 33 KV. 3 A.EEI-NEMA TYPE K,EA,112,112,,,,,,,,
1040030103,FUSE LINK 33 KV. 5-6 A.EEI-NEMA TYPE K,EA,112,112,,,,,,,,
1040030104,FUSE LINK 33 KV. 8 A.EEI-NEMA TYPE K,EA,112,112,,,,,,,,
1040030105,FUSE LINK 33 KV. 10 A.EEI-NEMA TYPE K,EA,123,123,,,,,,,,
1040030106,FUSE LINK 33 KV. 15 A.EEI-NEMA TYPE K,EA,123,123,,,,,,,,
1040030107,FUSE LINK 33 KV. 20 A.EEI-NEMA TYPE K,EA,155,155,,,,,,,,
1040030108,FUSE LINK 33 KV. 25 A.EEI-NEMA TYPE K,EA,155,155,,,,,,,,
1040030109,FUSE LINK 33 KV. 30 A.EEI-NEMA TYPE K,EA,157,157,,,,,,,,
1040030110,FUSE LINK 33 KV. 40 A.EEI-NEMA TYPE K,EA,157,157,,,,,,,,
1040030111,FUSE LINK 33 KV. 50 A.EEI-NEMA TYPE K,EA,,75.5,,,,,,,,
1040039904,HV. POWER FUSE 33 kV 200 A. TYPE SMD-20,EA,,61000,,,,,,,,
1040039911,POWER FUSE UNIT 33 kV 100 A.TYPE E,EA,,6800,,,,,,,,
1040039912,POWER FUSE UNIT 33 kV 125 A.TYPE E,EA,,6800,,,,,,,,
1040039913,POWER FUSE UNIT 33 kV 150 A.TYPE E,EA,,6800,,,,,,,,
1040039921,HV. POWER FUSE 22 kV 200 A. TYPE SMD-20,EA,,40130,,,,,,,,
1040039931,POWER FUSE UNIT 22 kV 100 A.TYPE E,EA,,8062,,,,,,,,
1040039932,POWER FUSE UNIT 22 kV 125 A.TYPE E,EA,,8609,,,,,,,,
1040039933,POWER FUSE UNIT 22 kV 150 A.TYPE E,EA,,8560,,,,,,,,
1040039934,POWER FUSE UNIT 22 kV 175 A.TYPE E,EA,,9038,,,,,,,,
1040050000,"D.SW.,1 POLE 22 KV. 600 A.DIST.",EA,5261,5261,,,,,,,,
1040050001,"D.SW.,1 POLE 22 KV. 600A. 40 KA.STATION",EA,5596,5906,,,,,,,,
1040050002,"D.SW.,1 POLE 22 KV 1,200 A 61 KA.STATION",EA,9571,9571,,,,,,,,
1040050003,"D.SW.,1 POLE 22 KV 2,000 A 80 KA.STATION",EA,,29500,,,,,,,,
1040050100,"D.SW.,1 POLE 33 KV. 600 A.DISTRIBUTION",EA,8324,8324,,,,,,,,
1040050101,"D.SW.,1 POLE 33 KV. 600 A. 40 KA.STATION",EA,9067,9078,,,,,,,,
1040050102,"D.SW.,1 POLE 33 KV. 1,200 A. STATION",EA,16150,16150,,,,,,,,
1040060001,"AB SW.,3 POLE 22 KV. 400 A.DISTRIBUTION",EA,,29000,,,,,,,,
1040060002,"AB SW.,3 POLE 22 KV. 600 A.DISTRIBUTION",EA,,38440,,,,,,,,
1040060003,"AB SW.,3 POLE 22 KV. 600 A.STATION",EA,,38440,,,,,,,,
1040060004,"AB SW.,3 POLE 22 KV. 1,200 A.STATION",EA,,66670,,,,,,,,
1040060100,"AB SW.,3 POLE 33 KV. 600 A.",EA,,58680,,,,,,,,
1040060101,"AB SW.,3 POLE 33 KV 600 A 40 KA.WITH ROD",EA,,60000,,,,,,,,
1040060200,"AB SW.,3 POLE 115 KV 1,200 A 61 KA.HOR.",EA,520000,520000,,,,,,,,
1040060201,"AB SW.,3 POLE 115 KV. 1,200 A. 61 KA.VER",EA,,308000,,,,,,,,
1040060207,"AB SW.,3 POLE 115 KV 2,000 A 100 KA. HOR",EA,520000,520000,,,,,,,,
1040070001,"LB. SW.,3 POLE 22 KV. 600 A. 40 KA.",EA,,39440,,,,,,,,
1040070005,"LB SW.,SF6,3 P22 KV., 400 A.",EA,,109300,,,,,,,,
1040070006,"LB SW.,OIL,3 P 22 KV. 60 A FOR CAP.",EA,,230500,,,,,,,,
1040070007,"LB SW.,VAC.,3 P 22 KV. 60 A(C) FOR CAP.",EA,,226500,,,,,,,,
1040070009,"LB SW., SF6,REMOTE, 3 P 22 KV 600 A",EA,204500,204500,,,,,,,,
1040070011,"ATS,VAR CONTROL,VAC..,3 P,22 KV,200 A",EA,604800,604800,,,,,,,,
1040070100,"LB SW.,3 POLE 33 KV. 600 A. 40 KA.",EA,,117000,,,,,,,,
1040070102,"LB SW.,VAC.,3 P 33 KV., 300 A.",EA,,236000,,,,,,,,
1040070104,"LB SW.,SF6,3 P 33 KV., 400 A.",EA,,462000,,,,,,,,
1040070105,"LB SW.,OIL, 3P 33 KV.60 A.(C)W FUSE UNIT",EA,,248000,,,,,,,,
1040070107,"LB SW., SF6, ,REMOTE , 3 P 33 KV 400 A",EA,231400,231400,,,,,,,,
1040070110,"ATS., VAR ,W OIL LB SW.,3 P, 33 KV,135 A",EA,952600,952600,,,,,,,,
1040070111,"ATS.,VAR ,W V/M LB SW., 3 P, 33 KV,135 A",EA,975800,975800,,,,,,,,
1040070201,"SWITCH,LOAD BREAK,SF6,3P,115kV.1200 A",PAK,,2736500,,,,,,,,
1040070202,"SWITCH,LOAD BREAK,SF6,3P,115kV.2000 A",PAK,,3900000,,,,,,,,
1040070302,"CONTROL UNIT,AUTO,TIME, FOR CAP BANK",EA,,19030,,,,,,,,
1040070303,"CONTROL UNIT AUTO,FOR SF6 LOAD BREAK",EA,,13260,,,,,,,,
1040070304,AUTOMATIC TRANSFER SWITCH 220 V. 40  A.,EA,,3480,,,,,,,,
1040070305,"CONTROL UNIT, AUTO , FOR SF6 LB SW.",EA,,38180,,,,,,,,
1040070306,"CONTROL UNIT, AUTO,VAR,FOR CAP BANK",EA,,43980,,,,,,,,
1040070307,"CURRENT SENSOR,22 KV.",EA,,37980,,,,,,,,
1040070308,"CURRENT SENSOR, 33 KV.",EA,,43890,,,,,,,,
1040070309,"POWER SUPPLY TR.22 KV.,CONTROL CAP BANK",EA,,17330,,,,,,,,
1040070310,"POWER SUPPLY TR. 33 KV.,CONTROL CAP BANK",EA,,28060,,,,,,,,
1040073011,"VT.3P.O/D 22,000/110-220 V.RCS 500 VA.",EA,,51590,,,,,,,,
1040073012,"VT.3P.O/D 33,000/110-220 V.RCS 500 VA.",EA,,61170,,,,,,,,
1040073015,"VT.1P.O/D 22,000/230 V.REC.500 VA.",EA,,21520,,,,,,,,
1040073016,"VT.1P.O/D 33,000/230 V.REC.500 VA.",EA,,30600,,,,,,,,
1040080003,"RECLOSER, 22 KV.560 A.12KA(E)",EA,,415000,,,,,,,,
1040080004,RECLOSER 22KV630A12KA(SOLID)WITH HANGER,EA,225000,225000,,,,,,,,
1040080102,"RECLOSER,33 KV 560 A. 10 KA.(E)",EA,,700600,,,,,,,,
1040080103,RECLOSER 33KV630A12KA(SOLID)WITH HANGER,PAK,306600,306600,,,,,,,,
1040080300,"RECLOSER HANGER,FOR DOUBLE-POLE MOUNTING",EA,28570,28570,,,,,,,,
1040080301,"RECLOSER HANGER,FOR SINGLE-POLE MOUNTING",EA,,3023,,,,,,,,
1040080302,"CONTROL UNIT,AUTO,FOR RECLOSER (E)",EA,167400,167400,,,,,,,,
1040080303,"TR., 0.5 KVA, 1 P 22 KV,FORCONTROL UNIT",EA,,22950,,,,,,,,
1040080304,"TR.,1 KVA,1 P 22 KV,FOR CONTROL UNIT",EA,,24000,,,,,,,,
1040080305,"TR.,0.5 KVA,1 P 19 KV,FOR CONTROL UNIT",EA,,18500,,,,,,,,
1040080306,"TR.,1 KVA,1 P 19 KV.,FOR CONTROL UNIT",EA,,47990,,,,,,,,
1040090104,"C.B.,V/M, 33 KV. 600 A. 750 MVA.",EA,,1068300,,,,,,,,
1040120000,"L.T. C.B.,3 P 400 V. 200 A.,OUTDOOR",EA,,4556,,,,,,,,
1040120001,"L.T. C.B.,3 P 400 V. 300 OR,OUTDOOR",EA,,6727,,,,,,,,
1040150100,FEEDER REMOTE TERMINAL UNIT (FRTU),EA,,44970,,,,,,,,
1040150200,MARS REMOTE RADIO,EA,,11230,,,,,,,,
1040150300,MARS MASTER RADIO,EA,,389500,,,,,,,,
1050000000,"TR., 10 KVA. 1 P 3 W,22/0.46-0.23 KV.",EA,,32710,,,,,,,,
1050000001,"TR., 20 KVA. 1 P 3 W, 22/0.46-0.23 KV.",EA,,34000,,,,,,,,
1050000002,"TR., 30 KVA. 1 P 3 W,22-0.46-0.23 KV.",EA,,30530,,,,,,,,
1050000003,"TR., 50 KVA. 1 P 3 W,22-0.46-0.23 KV.",EA,,37000,,,,,,,,
1050000011,"TR., 30KVA,1P,22-0.48/0.24KV, SC",EA,87170,87170,,,,,,,,
1050000200,"TR.,1 P 33 GRDY/19/0.46-0.23 KV. 10 KVA.",EA,,33880,,,,,,,,
1050000201,"TR.,1 P 33 GRDY/19/0.46-0.23 KV. 20 KVA.",EA,,35000,,,,,,,,
1050000202,"TR.,1 P 33 GRDY/19/0.46-0.23 KV. 30 KVA.",EA,,42020,,,,,,,,
1050000203,"TR.,1 P 33 GRDY/19/0.46-0.23 KV. 50 KVA.",EA,,38000,,,,,,,,
1050000206,"TR., 30KVA,1P,19-0.48/0.24KV, SC",EA,96670,96670,,,,,,,,
1050000500,"TR., 5KVA, 1-P 33/0.40-0.23kV",EA,,23000,,,,,,,,
1050000600,"TR., 5KVA, 1-P 22/0.40-0.23kV",EA,,25000,,,,,,,,
1050010004,"TR., 30 KVA. 3 P 22-0.40 KV.DY 11",EA,,45000,,,,,,,,
1050010005,"TR., 50 KVA. 3 P 22-0.40 KV.DY 11",EA,,58900,,,,,,,,
1050010006,"TR., 100 KVA. 3 P 22-0.40 KV.DY 11",EA,,82360,,,,,,,,
1050010007,"TR., 160 KVA. 3 P 22-0.40 KV.DY 11",EA,,105900,,,,,,,,
1050010008,"TR., 200 KVA. 3 P 22-0.40 KV.DY 11",EA,,120000,,,,,,,,
1050010009,"TR., 250 KVA. 3 P 22-0.40 KV.DY 11",EA,,179300,,,,,,,,
1050010010,"TR., 315 KVA. 3 P 22-0.40 KV.DY 11",EA,,408200,,,,,,,,
1050010011,"TR., 400 KVA. 3 P 22-0.40 KV.DY 11",EA,,521800,,,,,,,,
1050010012,"TR., 500 KVA. 3 P 22-0.40 KV.DY 11",EA,,625900,,,,,,,,
1050010013,"TR., 1,000 KVA. 3 P 22-0.40 KV.DY 11",EA,,851800,,,,,,,,
1050010014,"TR., 1,250 KVA. 3 P 22-0.40 KV.DY 11",EA,,984600,,,,,,,,
1050010015,"TR., 1,500 KVA. 3 P 22-0.40 KV.DY 11",EA,,1231500,,,,,,,,
1050010016,"TR., 2,000 KVA. 3 P 22-0.40 KV.DY 11",EA,,1685000,,,,,,,,
1050010022,"TR.,630 KVA. 3 P 22-0.40 KV. DY11",EA,,649800,,,,,,,,
1050010024,"TR.,800 KVA. 3 P 22-0.40 KV. DY11",EA,,736000,,,,,,,,
1050010044,"TR.,2,500 KVA, 3-P, 22-0.4/0.23 KV DYN11",EA,,2101700,,,,,,,,
1050010050,"TR.,50KVA,3P,22-0.4/0.23KV,DYN11, SC",EA,,56180,,,,,,,,
1050010052,"TR.,100KVA,3P,22-0.4/0.23KV,DYN11, SC",EA,,95360,,,,,,,,
1050010054,"TR.,160KVA,3P,22-0.4/0.23KV,DYN11, SC",EA,,98840,,,,,,,,
1050010056,"TR.,250KVA,3P,22-0.4/0.23KV,DYN11, SC",EA,,119600,,,,,,,,
1050010057,"TR.,315KVA,3P,22-0.4/0.23KV,DYN11, SC",EA,,456700,,,,,,,,
1050010058,"TR.,400KVA,3P,22-0.4/0.23KV,DYN11, SC",EA,,599100,,,,,,,,
1050010059,"TR.,500KVA,3P,22-0.4/0.23KV,DYN11, SC",EA,,657200,,,,,,,,
1050010060,"TR.,630KVA,3P,22-0.4/0.23KV,DYN11, SC",EA,,715300,,,,,,,,
1050010061,"TR.,1000KVA,3P,22-0.4/0.23KV,DYN11, SC",EA,,944000,,,,,,,,
1050010062,"TR.,1250KVA,3P,22-0.4/0.23KV,DYN11, SC",EA,,1084800,,,,,,,,
1050010063,"TR.,1500KVA,3P,22-0.4/0.23KV,DYN11, SC",EA,,1311400,,,,,,,,
1050010064,"TR.,2000KVA,3P,22-0.4/0.23KV,DYN11, SC",EA,,1733700,,,,,,,,
1050010066,"TR.,50KVA,3P,22-0.416/0.24KV,DYN11, SC",EA,132500,132500,,,,,,,,
1050010067,"TR.,100KVA,3P,22-0.416/0.24KV,DYN11, SC",EA,199000,199000,,,,,,,,
1050010068,"TR.,160KVA,3P,22-0.416/0.24KV,DYN11, SC",EA,248000,248000,,,,,,,,
1050010069,"TR.,250KVA,3P,22-0.416/0.24KV,DYN11, SC",EA,281900,281900,,,,,,,,
1050010070,"TR.,315KVA,3P,22-0.416/0.24KV,DYN11, SC",EA,,516300,,,,,,,,
1050010071,"TR.,400KVA,3P,22-0.416/0.24KV,DYN11, SC",EA,,700500,,,,,,,,
1050010072,"TR.,500KVA,3P,22-0.416/0.24KV,DYN11, SC",EA,,738800,,,,,,,,
1050010073,"TR.,630KVA,3P,22-0.416/0.24KV,DYN11, SC",EA,,869700,,,,,,,,
1050010074,"TR.,800KVA,3P,22-0.416/0.24KV,DYN11, SC",EA,,970300,,,,,,,,
1050010075,"TR.,1000KVA,3P,22-0.416/0.24KV,DYN11, SC",EA,,1176100,,,,,,,,
1050010076,"TR.,1250KVA,3P,22-0.416/0.24KV,DYN11, SC",EA,,1384100,,,,,,,,
1050010077,"TR.,1500KVA,3P,22-0.416/0.24KV,DYN11, SC",EA,,1680800,,,,,,,,
1050010078,"TR.,2000KVA,3P,22-0.416/0.24KV,DYN11, SC",EA,,1989000,,,,,,,,
1050010102,"TR., 50 KVA. 3 P 33-0.40/0.23 KV.DYN 11",EA,,80920,,,,,,,,
1050010103,"TR., 100 KVA. 3 P 33-0.40/0.23 KV.DYN 11",EA,,96270,,,,,,,,
1050010104,"TR., 160 KVA. 3 P 33-0.40/0.23 KV.DYN 11",EA,,154600,,,,,,,,
1050010106,"TR., 250 KVA. 3 P 33-0.40/0.23 KV.DYN 11",EA,,154000,,,,,,,,
1050010107,"TR.,315 KVA. 3 P  33-0.40/0.23 KV.DYN 11",EA,,426700,,,,,,,,
1050010108,"TR.,400 KVA. 3 P  33-0.40/0.23 KV.DYN 11",EA,,520100,,,,,,,,
1050010109,"TR.,500 KVA. 3 P  33-0.40/0.23 KV.DYN 11",EA,,621200,,,,,,,,
1050010110,"TR.,1,000 KVA. 3 P 33-0.40/0.23 KV.DYN11",EA,,871900,,,,,,,,
1050010111,"TR.,1,250 KVA. 3 P 33-0.40/0.23 KV.DYN11",EA,,1013300,,,,,,,,
1050010112,"TR.,1,500 KVA. 3 P 33-0.40/0.23 KV.DYN11",EA,,1269000,,,,,,,,
1050010113,"TR.,2,000 KVA. 3 P 33-0.40/0.23 KV.DYN11",EA,,1778800,,,,,,,,
1050010118,"TR., 630 KVA. 3 P 33-0.40/0.23 KV DYN 11",EA,,660200,,,,,,,,
1050010119,"TR., 800 KVA. 3 P 33-0.40/0.23 KV DYN 11",EA,,757400,,,,,,,,
1050010120,"TR.,50KVA,3P,33-0.4/0.23KV,DYN11, SC",EA,,62000,,,,,,,,
1050010122,"TR.,100KVA,3P,33-0.4/0.23KV,DYN11, SC",EA,,86430,,,,,,,,
1050010124,"TR.,160KVA,3P,33-0.4/0.23KV,DYN11, SC",EA,,128600,,,,,,,,
1050010126,"TR.,250KVA,3P,33-0.4/0.23KV,DYN11, SC",EA,,143000,,,,,,,,
1050010127,"TR.,315KVA,3P,33-0.4/0.23KV,DYN11, SC",EA,,469800,,,,,,,,
1050010128,"TR.,400KVA,3P,33-0.4/0.23KV,DYN11, SC",EA,,590800,,,,,,,,
1050010129,"TR.,500KVA,3P,33-0.4/0.23KV,DYN11, SC",EA,,681200,,,,,,,,
1050010130,"TR.,630KVA,3P,33-0.4/0.23KV,DYN11, SC",EA,,746800,,,,,,,,
1050010131,"TR.,1000KVA,3P,33-0.4/0.23KV,DYN11, SC",EA,,972900,,,,,,,,
1050010132,"TR.,1250KVA,3P,33-0.4/0.23KV,DYN11, SC",EA,,1134000,,,,,,,,
1050010133,"TR.,1500KVA,3P,33-0.4/0.23KV,DYN11, SC",EA,,1350900,,,,,,,,
1050010134,"TR.,2000KVA,3P,33-0.4/0.23KV,DYN11, SC",EA,,1828000,,,,,,,,
1050010138,"TR.,50KVA,3P,33-0.416/0.24KV,DYN11, SC",EA,151700,151700,,,,,,,,
1050010139,"TR.,100KVA,3P,33-0.416/0.24KV,DYN11, SC",EA,202500,202500,,,,,,,,
1050010140,"TR.,160KVA,3P,33-0.416/0.24KV,DYN11, SC",EA,252500,252500,,,,,,,,
1050010141,"TR.,250KVA,3P,33-0.416/0.24KV,DYN11, SC",EA,295800,295800,,,,,,,,
1050010142,"TR.,315KVA,3P,33-0.416/0.24KV,DYN11, SC",EA,,539100,,,,,,,,
1050010143,"TR.,400KVA,3P,33-0.416/0.24KV,DYN11, SC",EA,,724700,,,,,,,,
1050010144,"TR.,500KVA,3P,33-0.416/0.24KV,DYN11, SC",EA,,769300,,,,,,,,
1050010145,"TR.,630KVA,3P,33-0.416/0.24KV,DYN11, SC",EA,,907000,,,,,,,,
1050010146,"TR.,800KVA,3P,33-0.416/0.24KV,DYN11, SC",EA,,998000,,,,,,,,
1050010147,"TR.,1000KVA,3P,33-0.416/0.24KV,DYN11, SC",EA,,1220900,,,,,,,,
1050010148,"TR.,1250KVA,3P,33-0.416/0.24KV,DYN11, SC",EA,,1428600,,,,,,,,
1050010149,"TR.,1500KVA,3P,33-0.416/0.24KV,DYN11, SC",EA,,1742200,,,,,,,,
1050010150,"TR.,2000KVA,3P,33-0.416/0.24KV,DYN11, SC",EA,,2040300,,,,,,,,
1050010200,"TR.,SEAL,50 KVA.3 P,22-0.4/0.23 KV.DYN11",EA,,69140,,,,,,,,
1050010201,"TR.,SEAL,100 KVA,3P,22-0.4/0.23 KV.DYN11",EA,,75240,,,,,,,,
1050010202,"TR.,SEAL,160 KVA,3P,22-0.4/0.23 KV.DYN11",EA,,173200,,,,,,,,
1050010203,"TR.,SEAL,250 KVA,3P,22-0.4/0.23 KV.DYN11",EA,,127900,,,,,,,,
1050010204,"TR.SEAL,250 KVA.3P.22KV.Dyn11.,POLEMOUNT",EA,,110000,,,,,,,,
1050010252,"TR.,SEAL,160 KVA,3P,22-0.4/0.23 KV.YZN11",EA,,105900,,,,,,,,
1050010300,"TR.,SEAL,50 KVA.3 P,33-0.4/0.23 KV.DYN11",EA,,92140,,,,,,,,
1050010301,"TR.,SEAL,100 KVA3 P,33-0.4/0.23 KV.DYN11",EA,,88980,,,,,,,,
1050010302,"TR.,SEAL,160 KVA3 P,33-0.4/0.23 KV.DYN11",EA,,105500,,,,,,,,
1050010303,"TR.,SEAL,250 KVA3 P,33-0.4/0.23 KV.DYN11",EA,,154300,,,,,,,,
1050010304,"TR.SEAL,250 KVA.3P.33kV.Dyn11.,POLEMOUNT",EA,,164800,,,,,,,,
1050010351,"TR.,SEAL,100 KVA3 P,33-0.4/0.23 KV.YZN11",EA,,96270,,,,,,,,
1050010352,"TR.,SEAL,160 KVA3 P,33-0.4/0.23 KV YZN11",EA,,111300,,,,,,,,
1050010702,"IOT TR, 160KVA 3P 22-0.416KV DYN11 SC",EA,263800,263800,,,,,,,,
1050010703,"IOT TR, 250KVA 3P 22-0.416KV DYN11 SC",EA,303400,303400,,,,,,,,
1050010712,"IOT TR, 160KVA 3P 33-0.416KV DYN11 SC",EA,270600,270600,,,,,,,,
1050010713,"IOT TR, 250KVA 3P 33-0.416KV DYN11 SC",EA,345800,345800,,,,,,,,
1050010900,SMART TR. 50KVA 3P 22-0.416KV DYN11 SC,EA,,206300,,,,,,,,
1050010901,SMART TR. 100KVA 3P 22-0.416KV DYN11 SC,EA,,280700,,,,,,,,
1050010902,SMART TR. 160KVA 3P 22-0.416KV DYN11 SC,EA,,334300,,,,,,,,
1050010903,SMART TR. 250KVA 3P 22-0.416KV DYN11 SC,EA,,373500,,,,,,,,
1050010904,SMART TR. 315KVA 3P 22-0.416KV DYN11 SC,EA,,556400,,,,,,,,
1050010905,SMART TR. 400KVA 3P 22-0.416KV DYN11 SC,EA,,652700,,,,,,,,
1050010906,SMART TR. 500KVA 3P 22-0.416KV DYN11 SC,EA,,781100,,,,,,,,
1050010907,SMART TR. 630KVA 3P 22-0.416KV DYN11 SC,EA,,925600,,,,,,,,
1050010908,SMART TR. 800KVA 3P 22-0.416KV DYN11 SC,EA,,988500,,,,,,,,
1050010909,SMART TR. 1000KVA 3P 22-0.416KV DYN11 SC,EA,,1219800,,,,,,,,
1050010910,SMART TR. 50KVA 3P 33-0.416KV DYN11 SC,EA,,228100,,,,,,,,
1050010911,SMART TR. 100KVA 3P 33-0.416KV DYN11 SC,EA,,286700,,,,,,,,
1050010912,SMART TR. 160KVA 3P 33-0.416KV DYN11 SC,EA,,339000,,,,,,,,
1050010913,SMART TR. 250KVA 3P 33-0.416KV DYN11 SC,EA,,407100,,,,,,,,
1050010914,SMART TR. 315KVA 3P 33-0.416KV DYN11 SC,EA,,610500,,,,,,,,
1050010915,SMART TR. 400KVA 3P 33-0.416KV DYN11 SC,EA,,663400,,,,,,,,
1050010916,SMART TR. 500KVA 3P 33-0.416KV DYN11 SC,EA,,802500,,,,,,,,
1050010917,SMART TR. 630KVA 3P 33-0.416KV DYN11 SC,EA,,952300,,,,,,,,
1050010918,SMART TR. 800KVA 3P 33-0.416KV DYN11 SC,EA,,1046000,,,,,,,,
1050010919,SMART TR. 1000KVA 3P 33-0.416KV DYN11 SC,EA,,1251900,,,,,,,,
1050030002,"AVR,22 KV. 300 A.",EA,,10100000,,,,,,,,
1050030003,"AVR,22 KV. 400 A.",EA,,11270000,,,,,,,,
1050030101,"VOLTAGE-REGURATOR,33 KV.300 A.",EA,,6675000,,,,,,,,
1050040001,"CAPACITOR,1 P,INDOOR 230 V. 5 KVAR.",EA,,1674,,,,,,,,
1050040002,"CAPACITOR,1 P,INDOOR 230 V. 7.5 KVAR.",EA,,2055,,,,,,,,
1050040003,"CAPACITOR,1 P,INDOOR 230 V. 10 KVAR.",EA,,2123,,,,,,,,
1050040004,"CAPACITOR,1 P,INDOOR 230 V. 12.5 KVAR.",EA,,2644,,,,,,,,
1050040005,"CAPACITOR,1 P,INDOOR 230 V. 15 KVAR.",EA,,2985,,,,,,,,
1050040006,"CAPACITOR,1 P,OUTDOOR 230 V. 10 KVAR.",EA,,1885,,,,,,,,
1050040007,"CAPACITOR,1 P,OUTDOOR 230 V. 15 KVAR.",EA,,10230,,,,,,,,
1050040008,"CAPACITOR, 1 P,OUTDOOR 230 V. 5 KVAR",EA,,1730,,,,,,,,
1050040100,"CAPACITOR,3 P,INDOOR 400 V. 5 KVAR.",EA,,1046,,,,,,,,
1050040101,"CAPACITOR,3 P,INDOOR 400 V. 10 KVAR.",EA,,1177,,,,,,,,
1050040102,"CAPACITOR,3 P,INDOOR 400 V. 20 KVAR.",EA,,2045,,,,,,,,
1050040104,"CAPACITOR,3 P,INDOOR 400 V. 45 KVAR.",EA,,3462,,,,,,,,
1050040200,"CAPACITOR,3 P,OUTDOOR 400 V. 5 KVAR.",EA,,1528,,,,,,,,
1050040201,"CAPACITOR,3 P,OUTDOOR 400 V. 10 KVAR.",EA,,1882,,,,,,,,
1050040202,"CAPACITOR,3 P,OUTDOOR 400 V. 20 KVAR.",EA,,1927,,,,,,,,
1050040203,"CAPACITOR,3 P,OUTDOOR 400 V. 30 KVAR.",EA,,7150,,,,,,,,
1050040204,"CAPACITOR,3 P,OUTDOOR 400 V. 45 KVAR.",EA,,6777,,,,,,,,
1050040205,"CAPACITOR,3 P,OUTDOOR 400 V. 75 KVAR.",EA,,6047,,,,,,,,
1050050000,"CAPACITOR,1P,2BUSHING,O/D12.7KV.100KVAR.",EA,9530,11310,,,,,,,,
1050050100,"CAPACITOR,1P,O/D 33GRDY/19 KV. 100 KVAR.",EA,8047,10620,,,,,,,,
1050059809,"CAPACITOR,1P,2BUSHING,O/D 12.7KV50 KVAR.",EA,,15000,,,,,,,,
1050100002,STEEL BRACKET,EA,40.7,40.5,,,,,,,,
1050100003,"BRACKET,ST.,FOR TR. SECONDARY LEAD",EA,53,53,,,,,,,,
1050110000,"HANGER,CAPACITOR,11-33 KV. 1X3 SETS",EA,,1989,,,,,,,,
1050110001,"HANGER,CAPACITOR,11-33 KV. 1X6 SETS",EA,2699,2699,,,,,,,,
1050110002,"HANGER,CAPACITOR,11-33 KV. 1X15 SETS",EA,,29940,,,,,,,,
1060020000,"VT,1P, O/D, 22KV/110 V. CL 0.5,25 VA.",EA,,12680,,,,,,,,
1060020005,"VT, 1 P,DRY TYPE,O/D, 22KV/110 V,300 VA",EA,,17950,,,,,,,,
1060020006,"VT, 1 P, O/D, 22,000/230 V., 5 KVA.",EA,,18000,,,,,,,,
1060020007,"VT,1 P,O/D, 22 KV./110 V.CL. 0.5,50 VA.",EA,13780,13780,,,,,,,,
1060020100,"VT,1 P O/D,33,000/110 V.CL0.5, 25 VA.",EA,,15780,,,,,,,,
1060020104,"VT, 1 P, O/D,  33,000/230 V., 5 KVA.",EA,,19240,,,,,,,,
1060020105,"VT,1 P,O/D, 33 KV./110 V.CL. 0.5,50 VA.",EA,17140,17210,,,,,,,,
1060020150,"VT3P, O/D,33000/110 V10VA.,-220V.500VA.",EA,,35650,,,,,,,,
1060030000,"CT,L.T., 50/5 A.CL 0.5, 5 VA.",EA,,700,,,,,,,,
1060030001,"CT, L.T., 100/5 A.CL 0.5, 5 VA.",EA,,542,,,,,,,,
1060030002,"CT,L.T., 200/5 A.CL 0.5, 5 VA.",EA,,700,,,,,,,,
1060030003,"CT,L.T., 250/5 A.CL 0.5, 5 VA.",EA,578,578,,,,,,,,
1060030005,"CT,L.T., 400/5 A.CL 0.5, 5 VA.",EA,646,646,,,,,,,,
1060030100,"CT,O/D,L.T., 150/5 A.CL 0.5, 5 VA.",EA,651,651,,,,,,,,
1060030101,"CT,O/D,L.T.,500-1,000/5 A.CL 0.5,5 VA",EA,,700,,,,,,,,
1060030104,"CT,O/D,L.T.,800-1,600/5 A.CL 0.5,5 VA",EA,,700,,,,,,,,
1060040000,"CT,O/D,22 KV., 5/5 A.CL 0.5, 10 VA.",EA,,10000,,,,,,,,
1060040001,"CT,O/D,22 KV., 10/5 A.CL 0.5, 10 VA.",EA,,10110,,,,,,,,
1060040002,"CT,O/D,22 KV., 20/5 A.CL 0.5, 10 VA.",EA,,9000,,,,,,,,
1060040003,"CT,O/D,22 KV., 30/5 A.CL 0.5, 10 VA.",EA,,7910,,,,,,,,
1060040004,"CT,O/D,22 KV., 50/5 A.CL 0.5, 10 VA.",EA,,9085,,,,,,,,
1060040005,"CT,O/D,22 KV., 75/5 A.CL 0.5, 10 VA.",EA,,9100,,,,,,,,
1060040006,"CT,O/D,22 KV., 100/5 A.CL 0.5, 10 VA.",EA,,8048,,,,,,,,
1060040007,"CT,O/D,22 KV., 150/5 A.CL 0.5, 10 VA.",EA,,8500,,,,,,,,
1060040008,"CT,O/D,22 KV., 200/5 A.CL 0.5, 10 VA.",EA,,9269,,,,,,,,
1060040009,"CT,O/D,22 KV., 300/5 A.CL 0.5, 10 VA.",EA,,8300,,,,,,,,
1060040010,"CT,O/D,22 KV., 400/5 A.CL 0.5, 10 VA.",EA,,8505,,,,,,,,
1060040011,"CT,O/D,22 KV., 500/5 A.CL 0.5, 10 VA.",EA,,8294,,,,,,,,
1060040012,"CT,O/D,22 KV., 50-100/5 A.CL 0.5,10 VA.",EA,,14500,,,,,,,,
1060040013,"CT,O/D,22 KV., 75-150/5 A.CL 0.5,10 VA.",EA,,14500,,,,,,,,
1060040017,"CT,O/D,22 KV., 600/5 A. CALSS 0.5,10 VA",EA,,8221,,,,,,,,
1060040019,"CT,O/D, 22 KV.10/5 A.CL.0.5, 30 VA.",EA,10440,10440,,,,,,,,
1060040020,"CT,O/D, 22 KV.20/5 A.CL.0.5, 30 VA.",EA,10450,10450,,,,,,,,
1060040021,"CT,O/D, 22 KV.30/5 A.CL.0.5, 30 VA.",EA,10460,10460,,,,,,,,
1060040022,"CT,O/D, 22 KV.50/5 A.CL.0.5, 30 VA.",EA,10480,10480,,,,,,,,
1060040023,"CT,O/D, 22 KV.75/5 A.CL.0.5, 30 VA.",EA,10560,10560,,,,,,,,
1060040024,"CT,O/D, 22 KV.100/5 A.CL.0.5, 30 VA.",EA,10600,10600,,,,,,,,
1060040025,"CT,O/D,22 KV.150/5 A.CL.0.5, 30 VA.",EA,10780,10840,,,,,,,,
1060040026,"CT,O/D,22 KV.200/5 A.CL.0.5, 30 VA.",EA,10910,11510,,,,,,,,
1060040027,"CT,O/D,22 KV.300/5 A.CL.0.5, 30 VA.",EA,11140,12100,,,,,,,,
1060040028,"CT,O/D,22 KV.400/5 A.CL.0.5, 30 VA.",EA,11370,12430,,,,,,,,
1060040029,"CT,O/D 22 KV. 500/5 A. CL.05, 30 VA.",EA,11660,12750,,,,,,,,
1060040030,"CT,O/D 22 KV. 600/5 A. CL.05, 30 VA.",EA,11890,12640,,,,,,,,
1060040100,"CT,O/D,33 KV., 5/5 A.CL 0.5, 10 VA.",EA,,15300,,,,,,,,
1060040101,"CT,O/D,33 KV., 10/5 A.CL 0.5, 10 VA.",EA,,18690,,,,,,,,
1060040102,"CT,O/D,33 KV., 20/5 A.CL 0.5, 10 VA.",EA,,14960,,,,,,,,
1060040103,"CT,O/D,33 KV., 30/5 A.CL 0.5, 10 VA.",EA,,11170,,,,,,,,
1060040104,"CT,O/D,33 KV., 50/5 A.CL 0.5, 10 VA.",EA,,11910,,,,,,,,
1060040105,"CT,O/D,33 KV., 75/5 A.CL 0.5, 10 VA.",EA,,12450,,,,,,,,
1060040106,"CT,O/D,33 KV., 100/5 A.CL 0.5, 10 VA.",EA,,12420,,,,,,,,
1060040107,"CT,O/D,33 KV., 150/5 A.CL 0.5, 10 VA.",EA,,12420,,,,,,,,
1060040108,"CT,O/D,33 KV., 200/5 A.CL 0.5, 10 VA.",EA,,12420,,,,,,,,
1060040109,"CT,O/D,33 KV., 300/5 A.CL 0.5, 10 VA.",EA,,12420,,,,,,,,
1060040110,"CT,O/D,33 KV., 400/5 A.CL 0.5, 10 VA.",EA,,13250,,,,,,,,
1060040112,"CT,O/D 33KV. 10/5 A.CL. 0.5 30 VA.",EA,15690,15690,,,,,,,,
1060040113,"CT,O/D 33KV. 20/5 A.CL. 0.5 30 VA.",EA,15700,15700,,,,,,,,
1060040114,"CT,O/D 33KV. 30/5 A.CL. 0.5 30 VA.",EA,15700,15830,,,,,,,,
1060040115,"CT,O/D 33KV. 50/5 A.CL. 0.5 30 VA.",EA,15710,15710,,,,,,,,
1060040116,"CT,O/D 33KV. 75/5 A.CL. 0.5 30 VA.",EA,15740,15740,,,,,,,,
1060040117,"CT,O/D 33KV. 100/5 A.CL. 0.5 30 VA.",EA,15760,16040,,,,,,,,
1060040118,"CT,O/D 33KV. 150/5 A.CL. 0.5 30 VA.",EA,15810,16000,,,,,,,,
1060040119,"CT,O/D 33KV. 200/5 A.CL. 0.5 30 VA.",EA,15840,16660,,,,,,,,
1060040120,"CT,O/D 33KV. 300/5 A.CL. 0.5 30 VA.",EA,16640,16640,,,,,,,,
1060040121,"CT,O/D 33KV. 400/5 A.CL. 0.5 30 VA.",EA,16740,16740,,,,,,,,
1060050000,"METER,WATTHOUR,1 P,2 W 3(9)A.,O/D",EA,,693,,,,,,,,
1060050001,"METER,WATTHOUR,1 P,2 W 5(15)A.,O/D",EA,,311,,,,,,,,
1060050002,"METER,WATTHOUR,1 P,2 W 10(30)A.,O/D",EA,,693,,,,,,,,
1060050003,"METER,WATTHOUR,1 P,2 W 20(40)A.,O/D",EA,,750,,,,,,,,
1060050005,"METER,WATTHOUR,1 P,2 W 30(60)A.,O/D",EA,,930,,,,,,,,
1060050007,"METER,WATTHOUR,1 P,2 W 50(100)A.,O/D",EA,,1205,,,,,,,,
1060050009,"METER,WATTHOUR 1 P, 2 W 15(45) A. O/Dm",EA,,541,,,,,,,,
1060050010,"METER,WATTHOUR 1 P, 2 W 30(100)A. O/D",EA,,1161,,,,,,,,
1060050011,"METER,WATTHOUR,1P,2W 5(15) A.,CUSTOMER'S",EA,,307,,,,,,,,
1060050012,METER (E) WATTHOUR 1P 5(15)A O/D W/O ANT,EA,,518,,,,,,,,
1060050013,METER(E) WATTHOUR 1P 15(45)A O/D W/O ANT,EA,,545,,,,,,,,
1060050014,METER(E)WATTHOUR 1P 30(100)A O/D W/O ANT,EA,,1268,,,,,,,,
1060050015,METER (E) WATTHOUR 1P 5(15)A O/D,EA,,536,,,,,,,,
1060050016,METER (E) WATTHOUR 1P 15(45)A O/D ANT,EA,,551,,,,,,,,
1060050019,METER (E) WATTHOUR 1P 5(100) A O/D BLE,EA,435,435,,,,,,,,
1060050100,"METER,WATTHOUR,3P,3 WIRE 100 OR110 V.5A.",EA,,4730,,,,,,,,
1060050102,"METER,WATTHOUR,3 P,4 W 380/220 V. 10 A.",EA,,1764,,,,,,,,
1060050103,"METER,WATTHOUR,3P,4 W380/220 V.20(40) A.",EA,,1764,,,,,,,,
1060050107,"METER,WATTHOUR 3P 4 W 380/220 V.15(45)A.",EA,,1264,,,,,,,,
1060050108,"METER,WATTHOUR 3P 4W 380/220 V.30(100)A.",EA,,1701,,,,,,,,
1060050111,METER (E) WATTHOUR 3P 5(100) A O/D BLE,EA,1395,1395,,,,,,,,
1060060300,"DEMAND METER,CUMU.,110 V. 5 A(CT.,PT.)",EA,,4477,,,,,,,,
1060060301,"DEMAND METER,CUMU.,380/220 V. 5 A.(CT.)",EA,,5897,,,,,,,,
1060060302,"DEMAND METER,CUMU.,380/220 V. 50 A.",EA,,10150,,,,,,,,
1060060304,"DEMAND METER,CUMU.,110/64 V 5 A(CT.,PT.)",EA,,10150,,,,,,,,
1060070400,"METER,VAR-HOUR,3 P,3 W 110 V. 5 A.",EA,,4306,,,,,,,,
1060070500,"METER,WATTHOUR,TRANS,3 P 3 W,110 V. 5 A.",EA,,12500,,,,,,,,
1060070501,"METER,VAR-HOUR,TRANS,3 P 3 W 110 V. 5 A.",EA,,17960,,,,,,,,
1060070502,"METER,TOU 3 P 3 W 110 V. 5 A.",EA,,8073,,,,,,,,
1060070503,"METER,TOU 3 P 4 W 110/64 V.5 A.",EA,,10240,,,,,,,,
1060070504,"MEASURING UNIT READER,T.O.U.METER",EA,,83210,,,,,,,,
1060070505,TELECOUNTING INSTRUMENT,EA,,384700,,,,,,,,
1060070507,"METER, TOU 3 P 4 W 380/220 V. 5 A.",EA,,6043,,,,,,,,
1060070509,"METER, TOU 3-P 4-W 380/220 V. 10(100) A.",EA,,5944,,,,,,,,
1060070510,"METER, TOU 1-P 2-W 220 V. 10(100) A.",EA,,7691,,,,,,,,
1060070511,"GSM/GPRS MODEM,FOR CONNECTING TOU. METER",EA,4689,4750,,,,,,,,
1060070512,"METER, TOU,3P 3W 110V 5 A (AMR)",EA,,6049,,,,,,,,
1060070513,"METER, TOU,3P 4W 63.5/110V 5 A (AMR)",EA,,12210,,,,,,,,
1060070514,"METER, TOU,3P 4W 220/380V 5(6) A(AMR)",EA,,5384,,,,,,,,
1060070515,"METER TOU,3P 4W 220/380 V 10(100) A(AMR)",EA,,6272,,,,,,,,
1060070516,"METER TOU,1P 2W 220 V 10(100) A(AMR)",EA,,6095,,,,,,,,
1060070518,METER.AMR3P3W110V5A (FUNC),EA,6074,6224,,,,,,,,
1060070519,METER.AMR3P4W 63.5/110V 5A (FUNC),EA,16450,17050,,,,,,,,
1060070520,METER.AMR 3P4W 220/380V 5A (FUNC),EA,6074,6256,,,,,,,,
1060070700,METER SMART 1P 2W 230V 5(45)A PLC,EA,1950,2003,,,,,,,,
1060070701,METER SMART 1P 2W 230V 5(45)A RF,EA,,2000,,,,,,,,
1060070702,METER SMART 1P 2W 230V 5(45)A GPRS,EA,,2300,,,,,,,,
1060070703,METER SMART 1P 2W 230V 5(100)A PLC,EA,2333,2383,,,,,,,,
1060070704,METER SMART 1P 2W 230V 5(100)A RF,EA,,2100,,,,,,,,
1060070705,METER SMART 1P 2W 230V 5(100)A GPRS,EA,,2400,,,,,,,,
1060070706,METER SMART 3P 4W 230/400V 5(45)A PLC,EA,2573,2839,,,,,,,,
1060070707,METER SMART 3P 4W 230/400V 5(45)A RF,EA,,3400,,,,,,,,
1060070708,METER SMART 3P 4W 230/400V 5(45)A GPRS,EA,,3700,,,,,,,,
1060070709,METER SMART 3P 4W 230/400V 5(100)A PLC,EA,3034,3034,,,,,,,,
1060070710,METER SMART 3P 4W 230/400V 5(100)A RF,EA,,3400,,,,,,,,
1060070711,METER SMART 3P 4W 230/400V 5(100)A GPRS,EA,,3700,,,,,,,,
1060070712,METER SMART 3P 4W 230/400V 5(6)A RF,EA,,3600,,,,,,,,
1060070713,METER SMART 3P 4W 230/400V 5(6)A GPRS,EA,2122,2379,,,,,,,,
1060070714,METER SMART 3P 4W 66.4/115V 5(6)A RF,EA,,3800,,,,,,,,
1060070715,METER SMART 3P 4W 66.4/115V 5(6)A GPRS,EA,,3950,,,,,,,,
1060070716,METER SMART 3P 3W 3x110V 5(6)A RF,EA,,3800,,,,,,,,
1060070717,METER SMART 3P 3W 3x110V 5(6)A GPRS,EA,3879,3879,,,,,,,,
1060070718,DCU for AMI with PLC,EA,,12000,,,,,,,,
1060070719,DCU for AMI with RF,EA,,12000,,,,,,,,
1060100000,"CABLE PLATE, SIZE 2X20X20 CM.",EA,31.8,31.8,,,,,,,,
1060100001,"METER PLATE, SIZE 2X20X60 CM.",EA,95.3,95.3,,,,,,,,
1060100002,"METER PLATE, SIZE 2X20X120 CM.",EA,191,191,,,,,,,,
1060100003,"METER PLATE, SIZE 2X20X30 CM.",EA,,88,,,,,,,,
1060100004,SEALING LEAD FOR WATTHOUR METER,EA,,168,,,,,,,,
1060100005,SEALING WIRE,EA,,1.62,,,,,,,,
1060100006,"AL CABINET,O/D,FOR 3 P WATTHOUR METER",EA,,1053,,,,,,,,
1060100007,"AL CABINET,O/D,FOR 3 P DEMAND METER",EA,,820,,,,,,,,
1060100008,"ST. CABINET,WATTHOUR METER WITH L.T.,CT",EA,891,1135,,,,,,,,
1060100009,"ST. CABINET,OUTDOOR,FOR TOU METER",EA,,1380,,,,,,,,
1060100011,"ST. CABINET,O/D,TELECOUNTING INSTRUMENT",EA,,6875,,,,,,,,
1060100012,"PLIERS,FOR METER'S SEALING LEAD",EA,,547,,,,,,,,
1060100013,"BAG,LEATHER,FOR PLIERS",EA,,442,,,,,,,,
1060100014,"AL PLATE, SIZE 0.5 X 15 X 100 MM.",EA,0.63,0.85,,,,,,,,
1060100015,"SECURITY SEALS, O/D",KG,,5.5,,,,,,,,
1060100016,"AL.CABINET,O/D,TOU AMR(H.V.CT.)",EA,,2702,,,,,,,,
1060100017,"ST.CABINET,O/D,TOU AMR WITH L.V.CT.",EA,,2942,,,,,,,,
1060100019,SECURITY SEALS. O/D,EA,,3.17,,,,,,,,
1060100020,"AL. CABINET, O/D 3P WATTHOUR&TOU METER",EA,1214,1214,,,,,,,,
1060100021,ลวดร้อยตราตะกั่ว,M,2.45,2.45,,,,,,,,
1060100022,SEALING LEAD FOR WATTHOUR METER,KG,252,252,,,,,,,,
1060110000,"JUNCTION BOX, FOR 115 KV CT",EA,,61680,,,,,,,,
1070010005,"SET OF LUMINAIRE,2X36 W,LOW LOSS BALLAST",EA,,3795,,,,,,,,
1070010104,"POST TOP LUMINAIRE, MERCURY,1X125 WATTS",EA,,4374,,,,,,,,
1070010107,"SET OF LUMINAIRE,MERCURY,TYPE3,1X80WATTS",EA,,3748,,,,,,,,
1070010301,"STREET LIGHTING SET,H SODIUM,1X70 W ACC.",EA,,3130,,,,,,,,
1070010400,"STREET LIGHTING SET,LED, 20 W, ACC.",EA,,4445,,,,,,,,
1070010401,"STREET LIGHTING SET,LED G13,2X20 W,ACC",EA,,3783,,,,,,,,
1070010504,"LED STREET LIGHT 13200 lm, 94W, POLE 7m",EA,,11500,,,,,,,,
1070020020,"LAMP,HIGH PRESSURE SODIUM, 70 WATTS",EA,,439,,,,,,,,
1070030000,"FUSE,FITTING FOR D-CARTRIDGE,500 V. 25 A",EA,,113,,,,,,,,
1070030100,"FUSE LINK,D TYPE,500 V. 2 A.",EA,,36.4,,,,,,,,
1070030201,"TIME SWITCH,1 CIRCUIT,O/D FOR 220 V 20 A",EA,,2000,,,,,,,,
1070030202,"TIME SWITCH,1 CIRCUIT,O/D FOR 220 V 30 A",EA,,2150,,,,,,,,
1070030204,"TIME SWITCH,1 CIRCUIT,O/D FOR 220 V 40 A",EA,,2300,,,,,,,,
1070030208,"TIME SWITCH,3 P 4 W 380/220 V. 5 A.",EA,,3900,,,,,,,,
1070030209,"PHOTOELECTRIC CONTROLS SET, 30 A,ACC.",EA,,2737,,,,,,,,
1070030210,"PHOTOELECTRIC CONTROLS,O/D,500 WATTS",EA,,296,,,,,,,,
1080040001,"CONDUIT,PVC,RIGID, 20X2500 MM.TIS.216",EA,22.8,22.8,,,,,,,,
1080040002,"CONDUIT,PVC,RIGID, 20X4000 MM.TIS.216",EA,,51.7,,,,,,,,
1080040003,"CONDUIT,PVC,RIGID, 65X1000 MM.TIS.216",EA,58.5,60.5,,,,,,,,
1080040005,"CONDUIT,PVC,RIGID, 20X2,000 MM. TIS.216",EA,19.5,20.2,,,,,,,,
1080040006,"CONDUIT,PVC,RIGID, 40X200 MM. TIS.216",EA,8.68,9.43,,,,,,,,
1080050013,"CONDUIT, HDPE PN 6.3 , 160 MM. TIS.982",EA,,3770,,,,,,,,
1080050800,CABLE TRAY FOR LAYING TELECOM CABLE,PAK,,2366,,,,,,,,
1080060000,"SOLAR PV PANEL, 480 W",EA,,6377,,,,,,,,
1080060101,"STRUCTURE,ROOFTOP SOLAR,3kW,C-PAC",EA,,5478,,,,,,,,
1080060102,"STRUCTURE,ROOFTOP SOLAR,3kW,FLAT SLAP",EA,,21670,,,,,,,,
1080060103,"STRUCTURE,ROOFTOP SOLAR,3kW,METAL SHEET",EA,,4745,,,,,,,,
1080060104,"STRUCTURE,ROOFTOP SOLAR,3kW,CORRUGATED",EA,,4220,,,,,,,,
1080060105,"STRUCTURE,ROOFTOP SOLAR,5kW,C-PAC",EA,,9003,,,,,,,,
1080060106,"STRUCTURE,ROOFTOP SOLAR,5kW,FLAT SLAP",EA,,36380,,,,,,,,
1080060107,"STRUCTURE,ROOFTOP SOLAR,5kW,METAL SHEET",EA,,7786,,,,,,,,
1080060108,"STRUCTURE,ROOFTOP SOLAR,5kW,CORRUGATED",EA,,6910,,,,,,,,
1080060109,"STRUCTURE,ROOFTOP SOLAR,10kW,C-PAC",EA,,16920,,,,,,,,
1080060110,"STRUCTURE,ROOFTOP SOLAR,10kW,FLAT SLAP",EA,,68060,,,,,,,,
1080060111,"STRUCTURE,ROOFTOP SOLAR,10kW,METAL SHEET",EA,,14250,,,,,,,,
1080060112,"STRUCTURE,ROOFTOP SOLAR,10kW,CORRUGATED",EA,,12590,,,,,,,,
1080060200,"GRID CONNECTED INVERTER, 1P, 3 kW",EA,,26250,,,,,,,,
1080060201,"GRID CONNECTED INVERTER, 1P, 5 kW",EA,,38000,,,,,,,,
1080060202,"GRID CONNECTED INVERTER, 3P, 10 kW",EA,,58050,,,,,,,,
1080060203,"GRID CONNECTED INVERTER, 3P, 5 kW",EA,,39380,,,,,,,,
1090250035,STRAIN CLAMP STRAIGHT COVERS,EA,,570,,,,,,,,
1090250036,SPLICING SLEEVE TENSION COVERS,EA,,391,,,,,,,,
1090250037,SPLICING SLEEVE TENSIONLESS COVERS,EA,,327,,,,,,,,
1090250038,TRANSFORMER BUSHING COVERS,EA,,294,,,,,,,,
1090250039,VOLTAGE TRANSFORMER BUSHING COVERS,EA,,280,,,,,,,,
1090250040,DROPOUT FUSE CUTOUT COVERS,EA,,670,,,,,,,,
1090250041,LIGHTNING ARRESTER COVERS,EA,,110,,,,,,,,
9010010001,"DUCT BANK, SIZE 1X2 HDPE,160 MM. PN.6.3",M,,2101,,,,,,,,
9010010002,"DUCT BANK, SIZE 1X3 HDPE,160 MM. PN.6.3",M,,2790,,,,,,,,
9010010003,"DUCT BANK, SIZE 1X4 HDPE,160 MM. PN.6.3",M,,3494,,,,,,,,
9010010004,"DUCT BANK, SIZE 1X5 HDPE,160 MM. PN.6.3",M,,4183,,,,,,,,
9010010005,"DUCT BANK, SIZE 1X6 HDPE,160 MM. PN.6.3",M,,4886,,,,,,,,
9010010006,"DUCT BANK, SIZE 2X1 HDPE,160 MM. PN.6.3",M,,2038,,,,,,,,
9010010007,"DUCT BANK, SIZE 2X2 HDPE,160 MM. PN.6.3",M,,3264,,,,,,,,
9010010008,"DUCT BANK, SIZE 2X3 HDPE,160 MM. PN.6.3",M,,4496,,,,,,,,
9010010009,"DUCT BANK, SIZE 2X4 HDPE,160 MM. PN.6.3",M,,5724,,,,,,,,
9010010010,"DUCT BANK, SIZE 2X5 HDPE,160 MM. PN.6.3",M,,6953,,,,,,,,
9010010011,"DUCT BANK, SIZE 2X6 HDPE,160 MM. PN.6.3",M,,8179,,,,,,,,
9010010012,"DUCT BANK, SIZE 3X1 HDPE,160 MM. PN.6.3",M,,2666,,,,,,,,
9010010013,"DUCT BANK, SIZE 3X2 HDPE,160 MM. PN.6.3",M,,4435,,,,,,,,
9010010014,"DUCT BANK, SIZE 3X3 HDPE,160 MM. PN.6.3",M,,6189,,,,,,,,
9010010015,"DUCT BANK, SIZE 3X4 HDPE,160 MM. PN.6.3",M,,7955,,,,,,,,
9010010016,"DUCT BANK, SIZE 3X5 HDPE,160 MM. PN.6.3",M,,9709,,,,,,,,
9010010017,"DUCT BANK, SIZE 3X6 HDPE,160 MM. PN.6.3",M,,11480,,,,,,,,
9010010018,"DUCT BANK, SIZE 4X1 HDPE,160 MM. PN.6.3",M,,3309,,,,,,,,
9010010019,"DUCT BANK, SIZE 4X2 HDPE,160 MM. PN.6.3",M,,5600,,,,,,,,
9010010020,"DUCT BANK, SIZE 4X3 HDPE,160 MM. PN.6.3",M,,7892,,,,,,,,
9010010021,"DUCT BANK, SIZE 4X4 HDPE,160 MM. PN.6.3",M,,10180,,,,,,,,
9010010022,"DUCT BANK, SIZE 4X5 HDPE,160 MM. PN.6.3",M,,12480,,,,,,,,
9010010023,"DUCT BANK, SIZE 4X6 HDPE,160 MM. PN.6.3",M,,14650,,,,,,,,
9010010024,"DUCT BANK, SIZE 5X1 HDPE,160 MM. PN.6.3",M,,3937,,,,,,,,
9010010025,"DUCT BANK, SIZE 5X2 HDPE,160 MM. PN.6.3",M,,6768,,,,,,,,
9010010026,"DUCT BANK, SIZE 5X3 HDPE,160 MM. PN.6.3",M,,9585,,,,,,,,
9010010027,"DUCT BANK, SIZE 5X4 HDPE,160 MM. PN.6.3",M,,12420,,,,,,,,
9010010028,"DUCT BANK, SIZE 5X5 HDPE,160 MM. PN.6.3",M,,15230,,,,,,,,
9010010029,"DUCT BANK, SIZE 5X6 HDPE,160 MM. PN.6.3",M,,18060,,,,,,,,
9010010030,"DUCT BANK, SIZE 6X1 HDPE,160 MM. PN.6.3",M,,4578,,,,,,,,
9010010031,"DUCT BANK, SIZE 6X2 HDPE,160 MM. PN.6.3",M,,7934,,,,,,,,
9010010032,"DUCT BANK, SIZE 6X3 HDPE,160 MM. PN.6.3",M,,11290,,,,,,,,
9010010033,"DUCT BANK, SIZE 6X4 HDPE,160 MM. PN.6.3",M,,14640,,,,,,,,
9010010034,"DUCT BANK, SIZE 6X5 HDPE,160 MM. PN.6.3",M,,18000,,,,,,,,
9010010035,"DUCT BANK, SIZE 6X6 HDPE,160 MM. PN.6.3",M,,21350,,,,,,,,
9010020001,"DUCT BANK, SIZE 1X2 HDPE,200 MM. PN.6.3",M,,2440,,,,,,,,
9010020002,"DUCT BANK, SIZE 1X3 HDPE,200 MM. PN.6.3",M,,3281,,,,,,,,
9010020003,"DUCT BANK, SIZE 1X4 HDPE,200 MM. PN.6.3",M,,4117,,,,,,,,
9010020004,"DUCT BANK, SIZE 1X5 HDPE,200 MM. PN.6.3",M,,4964,,,,,,,,
9010020005,"DUCT BANK, SIZE 1X6 HDPE,200 MM. PN.6.3",M,,5770,,,,,,,,
9010020006,"DUCT BANK, SIZE 2X1 HDPE,200 MM. PN.6.3",M,,2374,,,,,,,,
9010020007,"DUCT BANK, SIZE 2X2 HDPE,200 MM. PN.6.3",M,,3870,,,,,,,,
9010020008,"DUCT BANK, SIZE 2X3 HDPE,200 MM. PN.6.3",M,,5369,,,,,,,,
9010020009,"DUCT BANK, SIZE 2X4 HDPE,200 MM. PN.6.3",M,,6865,,,,,,,,
9010020010,"DUCT BANK, SIZE 2X5 HDPE,200 MM. PN.6.3",M,,8362,,,,,,,,
9010020011,"DUCT BANK, SIZE 2X6 HDPE,200 MM. PN.6.3",M,,9858,,,,,,,,
9010020012,"DUCT BANK, SIZE 3X1 HDPE,200 MM. PN.6.3",M,,3160,,,,,,,,
9010020013,"DUCT BANK, SIZE 3X2 HDPE,200 MM. PN.6.3",M,,5306,,,,,,,,
9010020014,"DUCT BANK, SIZE 3X3 HDPE,200 MM. PN.6.3",M,,7465,,,,,,,,
9010020015,"DUCT BANK, SIZE 3X4 HDPE,200 MM. PN.6.3",M,,9610,,,,,,,,
9010020016,"DUCT BANK, SIZE 3X5 HDPE,200 MM. PN.6.3",M,,11770,,,,,,,,
9010020017,"DUCT BANK, SIZE 3X6 HDPE,200 MM. PN.6.3",M,,13920,,,,,,,,
9010020018,"DUCT BANK, SIZE 4X1 HDPE,200 MM. PN.6.3",M,,3935,,,,,,,,
9010020019,"DUCT BANK, SIZE 4X2 HDPE,200 MM. PN.6.3",M,,6742,,,,,,,,
9010020020,"DUCT BANK, SIZE 4X3 HDPE,200 MM. PN.6.3",M,,9550,,,,,,,,
9010020021,"DUCT BANK, SIZE 4X4 HDPE,200 MM. PN.6.3",M,,12360,,,,,,,,
9010020022,"DUCT BANK, SIZE 4X5 HDPE,200 MM. PN.6.3",M,,15170,,,,,,,,
9010020023,"DUCT BANK, SIZE 4X6 HDPE,200 MM. PN.6.3",M,,17970,,,,,,,,
9010020024,"DUCT BANK, SIZE 5X1 HDPE,200 MM. PN.6.3",M,,4718,,,,,,,,
9010020025,"DUCT BANK, SIZE 5X2 HDPE,200 MM. PN.6.3",M,,8177,,,,,,,,
9010020026,"DUCT BANK, SIZE 5X3 HDPE,200 MM. PN.6.3",M,,11650,,,,,,,,
9010020027,"DUCT BANK, SIZE 5X4 HDPE,200 MM. PN.6.3",M,,15100,,,,,,,,
9010020028,"DUCT BANK, SIZE 5X5 HDPE,200 MM. PN.6.3",M,,18570,,,,,,,,
9010020029,"DUCT BANK, SIZE 5X6 HDPE,200 MM. PN.6.3",M,,22030,,,,,,,,
9010020030,"DUCT BANK, SIZE 6X1 HDPE,200 MM. PN.6.3",M,,5492,,,,,,,,
9010020031,"DUCT BANK, SIZE 6X2 HDPE,200 MM. PN.6.3",M,,9613,,,,,,,,
9010020032,"DUCT BANK, SIZE 6X3 HDPE,200 MM. PN.6.3",M,,13730,,,,,,,,
9010020033,"DUCT BANK, SIZE 6X4 HDPE,200 MM. PN.6.3",M,,17850,,,,,,,,
9010020034,"DUCT BANK, SIZE 6X5 HDPE,200 MM. PN.6.3",M,,21970,,,,,,,,
9010020035,"DUCT BANK, SIZE 6X6 HDPE,200 MM. PN.6.3",M,,26090,,,,,,,,
9010030001,CABLE TRENCH TYPE A SIZE 0.80 M.,M,,2906,,,,,,,,
9010030002,CABLE TRENCH TYPE A SIZE 1.00 M.,M,,3385,,,,,,,,
9010030003,CABLE TRENCH TYPE A SIZE 1.20 M.,M,,3870,,,,,,,,
9010030004,CABLE TRENCH TYPE A SIZE 1.50 M.,M,,5318,,,,,,,,
9010030005,CABLE TRENCH TYPE A SIZE 2.00 M.,M,,6683,,,,,,,,
9010030006,CABLE TRENCH TYPE A SIZE 0.80 M. L-SHAPE,M,,2984,,,,,,,,
9010030007,CABLE TRENCH TYPE A SIZE 1.00 M. L-SHAPE,M,,4142,,,,,,,,
9010030008,CABLE TRENCH TYPE A SIZE 1.20 M. L-SHAPE,M,,5474,,,,,,,,
9010030009,CABLE TRENCH TYPE A SIZE 1.50 M. L-SHAPE,M,,8604,,,,,,,,
9010030010,CABLE TRENCH TYPE A SIZE 2.00 M. L-SHAPE,M,,14540,,,,,,,,
9010030011,CABLE TRENCH TYPE A SIZE 0.80 M. T-SHAPE,M,,3284,,,,,,,,
9010030012,CABLE TRENCH TYPE A SIZE 1.00 M. T-SHAPE,M,,4342,,,,,,,,
9010030013,CABLE TRENCH TYPE A SIZE 1.20 M. T-SHAPE,M,,5856,,,,,,,,
9010030014,CABLE TRENCH TYPE A SIZE 1.50 M. T-SHAPE,M,,8676,,,,,,,,
9010030015,CABLE TRENCH TYPE A SIZE 2.00 M. T-SHAPE,M,,14020,,,,,,,,
9010030016,CABLE TRENCH TYPE B SIZE 0.80 M. PIPE,M,,10020,,,,,,,,
9010030017,CABLE TRENCH TYPE B SIZE 1.00 M. PIPE,M,,11440,,,,,,,,
9010030018,CABLE TRENCH TYPE B SIZE 1.20 M. PIPE,M,,14350,,,,,,,,
9010030019,CABLE TRENCH TYPE B SIZE 1.50 M. PIPE,M,,16740,,,,,,,,
9010030020,CABLE TRENCH TYPE B SIZE 2.00 M. PIPE,M,,20770,,,,,,,,
9010040001,"CABLE,CU,DOUBLE CORE, NYY 6 SQ.MM.",M,,62.2,,,,,,,,
9010040002,"CABLE,CU,DOUBLE CORE, NYY 16 SQ.MM.",M,,125,,,,,,,,
9010040003,"CABLE,AL,CU.COMPACT.PVC.750V.< 25 SQ.MM.",M,,12,,,,,,,,
9010040004,"CABLE,CU,DOUBLE CORE,NYY 25 SQ.MM",M,,184,,,,,,,,
9010040005,"CABLE,UNDERGROUND 1X95 SQ.MM",M,,232,,,,,,,,
9010040006,CABLE MARKER,EA,,200,,,,,,,,
9010040007,"CABLE GRIP, 3 INCH",EA,,3800,,,,,,,,
9010040008,"CABLE BREAKOUTS, 185-300 SQ.MM.",PAK,,1480,,,,,,,,
9010040009,"CABLE GRIP,FOR 3X120 SQ.MM.CABLE",EA,,6200,,,,,,,,
9010040010,"CABLE GRIP,1.5 INCH",EA,,2400,,,,,,,,
9010040011,CABLE GRIP 70 SQ.MM,EA,,4200,,,,,,,,
9010040012,CABI.LT METER GROUND,PAK,,5234,,,,,,,,
9010040013,CAB. LUG COMPRESS.FOR CU.CAB.35SQ.MM.,EA,,200,,,,,,,,
9010040014,"CAB. LUG COMPRESS.,FOR CU. CAB.50SQ.MM.",EA,,210,,,,,,,,
9010040015,"CAB. LUG COMPRESS.,FOR CU. CAB.70 SQ.MM.",EA,,230,,,,,,,,
9010040016,"CAB. LUG COMPRESS.,FOR CU.CAB. 95 SQ.MM.",EA,,250,,,,,,,,
9010040017,"CAB. LUG COMPRESS.,FOR CU.CAB.150 SQ.MM.",EA,,340,,,,,,,,
9010040018,"CAB. LUG COMPRESS.,FOR CU.CAB.240 SQ.MM.",EA,,460,,,,,,,,
9010040019,"CAB. LUG COMPRESS.,FOR CU.CAB.400 SQ.MM.",EA,,1020,,,,,,,,
9010040020,"CAB. LUG COMPRESS.,FOR CU.CAB.500 SQ.MM.",EA,,1200,,,,,,,,
9010050001,UNDERGROUND CABLE 1X70 SQ.MM 22 KV,M,,312,,,,,,,,
9010050002,"UG.CABLE, CU, 1C-50 SQ.MM. 0.6/1 KV-CV",M,,104,,,,,,,,
9010050003,"UG CABLE, CU, 1C-95 SQ.MM. 0.6/1 KV-CV",M,,195,,,,,,,,
9010050004,"UG CABLE, CU, 1C-185 SQ.MM. 0.6/1 KV-CV",M,,374,,,,,,,,
9010050005,UG CAB.DUCT2X1HDPE160PN6.3(GALV.200mm),M,,2860,,,,,,,,
9010050006,UG CAB.DUCT2X2HDPE160PN6.3(GALV.200 mm),M,,5720,,,,,,,,
9010050007,UG CAB.DUCT2X3HDPE160PN6.3(GALV.200 mm),M,,8580,,,,,,,,
9010050008,UG CAB.DUCT2X4HDPE160PN6.3(GALV.200 mm),M,,12720,,,,,,,,
9010050009,UG CAB.DUCT2X5HDPE160PN6.3(GALV.200 mm),M,,14300,,,,,,,,
9010050010,UG CAB.DUCT3X1HDPE160PN6.3(GALV.200 mm),M,,4290,,,,,,,,
9010050011,UG CAB.DUCT3X2HDPE160PN6.3(GALV.200 mm),M,,8580,,,,,,,,
9010050012,UG CAB.DUCT3X3HDPE160PN6.3(GALV.200 mm),M,,12870,,,,,,,,
9010050013,UG CAB.DUCT3X4HDPE160PN6.3(GALV.200 mm),M,,17160,,,,,,,,
9010050014,UG CAB.DUCT3X5HDPE160PN6.3(GALV.200 mm),M,,21450,,,,,,,,
9010050015,UG CAB.DUCT3X6HDPE160PN6.3(GALV.200 mm),M,,25740,,,,,,,,
9010050016,UG CAB.DUCT4X2HDPE160PN6.3(GALV.200 mm),M,,11440,,,,,,,,
9010050017,UG CAB.DUCT4X3HDPE160PN6.3(GALV.200 mm),M,,17160,,,,,,,,
9010050018,UG CAB.DUCT4X4HDPE160PN6.3 (GALV200 mm),M,,22880,,,,,,,,
9010050019,UG CAB.DUCT4X5HDPE160PN6.3(GALV.200 mm),M,,28600,,,,,,,,
9010050020,UG CAB.DUCT5X2HDPE160PN6.3(GALV.200 mm),M,,14300,,,,,,,,
9010050021,UG CAB.DUCT5X3HDPE160PN6.3(GALV.200 mm),M,,21450,,,,,,,,
9010050022,UG CAB.DUCT5X4HDPE160PN6.3(GALV.200 mm),M,,28600,,,,,,,,
9010050023,UG CAB.DUCT5X5HDPE160PN6.3(GALV.200 mm),M,,35750,,,,,,,,
9010060001,"DUCT BANK HDPE, 75 MM. COND. TYPE 2X2",M,,1290,,,,,,,,
9010060002,"DUCT BANK FOR HDPE,75 MM TYPE 4X2",M,,2221,,,,,,,,
9010060003,"DUCT BANK FOR HDPE,75 MM TYPE 6X2",M,,3152,,,,,,,,
9010060004,"ELBOW CONNECTION, HDPE DIA 160 MM",EA,,2436,,,,,,,,
9020010001,MANHOLE 2T-1 WITH PILE IB1-020/34009,EA,,165200,,,,,,,,
9020010002,MANHOLE 2T-1 WITH NO PILE IB1-020/34009,EA,,190100,,,,,,,,
9020010003,MANHOLE 2T-1 WITH PILE IB3-011/44011,EA,,463500,,,,,,,,
9020010004,MANHOLE 2T-1 WITH NO PILE IB3-011/44011,EA,,381800,,,,,,,,
9020020001,MANHOLE 2T-2 WITH PILE IB1-020/35033,EA,,190100,,,,,,,,
9020020002,MANHOLE 2T-2 WITH NO PILE IB1-020/35033,EA,,165200,,,,,,,,
9020020003,MANHOLE 2T-2 WITH PILE IB3-011/44012,EA,,463500,,,,,,,,
9020020004,MANHOLE 2T-2 WITH NO PILE IB3-011/44012,EA,,381800,,,,,,,,
9020030001,MANHOLE 2T-3 WITH PILE IB1-020/34033,EA,,204100,,,,,,,,
9020030002,MANHOLE 2T-3 WITH NO PILE IB1-020/34033,EA,,177900,,,,,,,,
9020030003,MANHOLE 2T-3 WITH PILE IB3-011/44013,EA,,481600,,,,,,,,
9020030004,MANHOLE 2T-3 WITH NO PILE IB3-011/44013,EA,,404700,,,,,,,,
9020040001,MANHOLE 2T-4 WITH PILE IB1-020/35030,EA,,209800,,,,,,,,
9020040002,MANHOLE 2T-4 WITH NO PILE IB1-020/3030,EA,,182300,,,,,,,,
9020040003,MANHOLE 2T-4 WITH PILE IB3-011/44014,EA,,512200,,,,,,,,
9020040004,MANHOLE 2T-4 WITH NO PILE IB3-011/44014,EA,,422700,,,,,,,,
9020050001,MANHOLE 2T-5 WITH PILE SA1-015/37005,EA,,258100,,,,,,,,
9020050002,MANHOLE 2T-5 WITH NO PILE SA1-015/37005,EA,,225700,,,,,,,,
9020050003,MANHOLE 2T-5 WITH PILE IB3-011/44015,EA,,549400,,,,,,,,
9020050004,MANHOLE 2T-5 WITH NO PILE IB3-011/44015,EA,,450000,,,,,,,,
9020060001,MANHOLE 2T-6 WITH PILE IB3-020/39039,EA,,210400,,,,,,,,
9020060002,MANHOLE 2T-6 WITH NO PILE IB3-020/39039,EA,,178000,,,,,,,,
9020060003,MANHOLE 2T-6 WITH PILE IB3-011/44016,EA,,549400,,,,,,,,
9020060004,MANHOLE 2T-6 WITH NO PILE IB3-011/44016,EA,,450000,,,,,,,,
9020070001,MANHOLE 2T-7 WITH PILE IB3-021/42017,EA,,299800,,,,,,,,
9020070002,MANHOLE 2T-7 WITH NO PILE IB3-021/42017,EA,,246700,,,,,,,,
9020070003,MANHOLE 2T-7 WITH PILE IB3-011/44017,EA,,613200,,,,,,,,
9020070004,MANHOLE 2T-7 WITH NO PILE IB3-011/44017,EA,,507300,,,,,,,,
9020080001,MANHOLE 2T-8 WITH PILE IB2-020/38024,EA,,93450,,,,,,,,
9020080002,MANHOLE 2T-8 WITH NO PILE IB2-020/38024,EA,,80950,,,,,,,,
9020080003,MANHOLE 2T-8 WITH PILE IB3-011/45004,EA,,253500,,,,,,,,
9020080004,MANHOLE 2T-8 WITH NO PILE IB3-011/45004,EA,,221400,,,,,,,,
9020090001,MANHOLE 2C-1 WITH PILE IB1-020/34056,EA,,140600,,,,,,,,
9020090002,MANHOLE 2C-1 WITH NO PILE IB1-020/34056,EA,,123100,,,,,,,,
9020090003,MANHOLE 2C-1 WITH PILE IB3-011/44008,EA,,344600,,,,,,,,
9020090004,MANHOLE 2C-1 WITH NO PILE IB3-011/44008,EA,,299800,,,,,,,,
9020100001,MANHOLE 2S-1 WITH PILE IB1-020/34025,EA,,159000,,,,,,,,
9020100002,MANHOLE 2S-1 WITH NO PILE IB1-020/34025,EA,,139700,,,,,,,,
9020110001,MANHOLE 2S-2 WITH PILE IB3-020/39040,EA,,226600,,,,,,,,
9020110002,MANHOLE 2S-2 WITH NO PILE IB3-020/39040,EA,,194800,,,,,,,,
9030010001,HAND HOLE TYPE 1 SA1-015/46009,EA,,31230,,,,,,,,
9030010002,HAND HOLE TYPE 1 SA1-015/46010,EA,,16270,,,,,,,,
9040020001,"GROUND PLATE,STEEL 40X170 MM,6 MM THK",EA,,10.9,,,,,,,,
9040020002,"GROUND PLATE,STEEL 40X320 MM,6 MM THK",EA,,19.2,,,,,,,,
9040020003,"ST.CH150X75X6.5MM.6M (SD-UG-2,SD-UG-3)",EA,,4464,,,,,,,,
9040020004,"ST.CH150X75X6.5MM.5.3M.(SD-UG-2,SD-UG-3)",EA,,3944,,,,,,,,
9040020005,"ST.CH150X75X6.5MM.2.75M(SD-UG-2,SD-UG-3)",EA,,2048,,,,,,,,
9040020006,"ST.CH100X50X5MM.6M.(SD-UG-2, SD-UG-3)",EA,,2248,,,,,,,,
9040020007,"ST.PL.6 MM.X= 0.65 MM.(SD-UG-2,SD-UG-3)",EA,,268,,,,,,,,
9040020008,"ST.PL.,6 MM.X=0.14 MM.(SD-UG-2, SD-UG-3)",EA,,112,,,,,,,,
9040020009,"ST.PL.,465X135X6MM.(SD-UG-2, SD-UG-3)",EA,,120,,,,,,,,
9040020010,"ST.PL.,450X450X6MM.(SD-UG-2, SD-UG-3)",EA,,384,,,,,,,,
9040020011,"ST.PL., 430X40X6 MM. (SD-UG-2, SD-UG-3)",EA,,32,,,,,,,,
9040020012,"ST.PL., 690X40X6 MM. (SD-UG-2, SD-UG-3)",EA,,52,,,,,,,,
9040020013,"ST.PL., 650X100X12 MM.(SD-UG-2, SD-UG-3)",EA,,245,,,,,,,,
9040020014,"STEEL 9 MM.,10 M.LONG",EA,,150,,,,,,,,
9040020015,"STEEL 15 MM.,750 MM.LONG",M,,15,,,,,,,,
9040020016,STEEL CHANNEL 125X65X6 MM. 600 MM.LONG,EA,,230,,,,,,,,
9050010001,CABLE RISER HDPE (DP) DIA. 110 MM.,EA,,4330,,,,,,,,
9050010002,CABLE RISER HDPE (DP) DIA. 160 MM.,EA,,8290,,,,,,,,
9050010003,CABLE RISER HDPE 115 KV. (6 PIPE),EA,,19920,,,,,,,,
9050010004,CABLE RISER HDPE 115 KV. (4 PIPE) 110 MM,EA,,8960,,,,,,,,
9050010005,CABLE RISER HDPE 115 KV. (4 PIPE) 160 MM,EA,,16880,,,,,,,,
9050030001,"RSC COUPLING, DIA 25 MM.",EA,,20.7,,,,,,,,
9050030002,"RSC CONDUIT,DIA 32 MM. 3 M.",EA,,595,,,,,,,,
9050030003,RSC ELBOW DIA 32 MM.,EA,,88,,,,,,,,
9050030004,RSC COUPLING DIA 32 MM.,EA,,28,,,,,,,,
9050030005,RSC DIA 60 MM. (3 M.),EA,,1385,,,,,,,,
9050030006,"RSC DIA 60 MM., ELBOW",EA,,460,,,,,,,,
9050030007,RSC CONDUIT DIA 38 MM.(3 M),EA,,705,,,,,,,,
9050030008,"RSC COUPLING,DIA 38 MM",EA,,35,,,,,,,,
9050030009,"RSC CONDUIT DIA 38 MM, ELBOW",EA,,113,,,,,,,,
9050030010,"RSC CONDUIT DIA 25 MM, ELBOW",EA,,63,,,,,,,,
9050030011,"RSC  CONDUIT,DIA 110 MM, 3 M LONG",EA,,2453,,,,,,,,
9060010001,F1 SINGLE POLE FOUNDATION,EA,,16570,,,,,,,,
9060010002,F1/1 SP FOUNDATION(NO PILE)IB2-011/45004,EA,,,,,,,16130,16370,16220,16430
9060010003,F1/2 SINGLE POLE FOUNDATION,EA,,16530,,,,,,,,
9060010004,F2 DOUBLE POLE FOUNDATION,EA,,,,,,,37410,51360,43180,45210
9060010005,F3 SINGLE POLE FOUNDATION (3 PILE),EA,,,,,,,21830,29830,24960,25970
9060010006,F4 DOUBLE POLE FOUNDATION (6 PILE),EA,,,,,,,34200,46680,39330,41060
9060020001,F5 SINGLE POLE FOUNDATION (2 PILE),EA,,,,,,,16380,16960,16610,17060
9060020002,F5/1 SINGLE POLE FOUNDATION (2 PILE),EA,,,,,,,16380,16960,16610,17060
9060030001,F6 SINGLE POLE FOUNDATION (1.01-1.50M),EA,,,,,,,26440,36250,30740,31630
9060030002,F6/1 SINGLE POLE FOUNDATION (1.51-2.00M),EA,,,,,,,29350,40240,34130,35190
9060030003,F6/2 SINGLE POLE FOUNDATION V0.0M.,EA,,,,,,,33110,45390,38350,39750
9060030004,F6/3 SINGLE POLE FOUNDATION V0.5M.,EA,,,,,,,36010,49360,41710,43280
9060030005,F6/4 SINGLE POLE FOUNDATION V1.0M.,EA,,,,,,,38890,53310,45050,46790
9060030006,F6/5 SINGLE POLE FOUNDATION V1.5M.,EA,,,,,,,41810,57300,48440,50340
9060030007,F6/6 SINGLE POLE FOUNDATION V2.0M.,EA,,,,,,,43820,60030,50520,52790
9060030008,F6/7 SINGLE POLE FOUNDATION V2.5M.,EA,,,,,,,47660,65340,55230,57470
9060030009,F6/8 SINGLE POLE FOUNDATION V3.0M.,EA,,,,,,,50400,69100,58360,60810
9060040001,F7 DOUBLE POLE FOUNDATION (1.01-1.50M),EA,,,,,,,46150,62870,53190,55880
9060040002,F7/1 DOUBLE POLE FOUNDATION (1.51-2.00M),EA,,,,,,,49640,67650,57290,60200
9060040003,F7/2 DOUBLE POLE FOUNDATION V0.0M.,EA,,,,,,,55070,75070,63370,66880
9060040004,F7/3 DOUBLE POLE FOUNDATION V0.5M.,EA,,,,,,,59280,80820,68190,72030
9060040005,F7/4 DOUBLE POLE FOUNDATION V1.0M.,EA,,,,,,,63450,86530,72950,77130
9060040006,F7/5 DOUBLE POLE FOUNDATION V1.5M.,EA,,,,,,,67650,92260,77740,82250
9060040007,F7/6 DOUBLE POLE FOUNDATION V2.0M.,EA,,,,,,,71770,97910,82430,87290
9060040008,F7/7 DOUBLE POLE FOUNDATION V2.5M.,EA,,,,,,,76000,103700,87270,92450
9060040009,F7/8 DOUBLE POLE FOUNDATION V3.0M.,EA,,,,,,,80150,109400,92010,97530
9060050001,F8 SINGLE POLE FOUNDATION V2.0M.,EA,,,,,,,34060,46590,39170,40920
9060050002,F8/1 SINGLE POLE FOUNDATION V2.5M.,EA,,,,,,,36960,50560,42530,44460
9060050003,F8/2 SINGLE POLE FOUNDATION V3.0M.,EA,,,,,,,39850,54510,45870,47970
9060060001,F9 SINGLE POLE FOUNDATION V0.0M.,EA,,,,,,,24600,33630,28440,29550
9060060002,F9/1 SINGLE POLE FOUNDATION V0.5M.,EA,,,,,,,27460,37560,31750,33040
9060060003,F9/2 SINGLE POLE FOUNDATION V1.0M.,EA,,,,,,,30380,41560,35140,36590
9060060004,F9/3 SINGLE POLE FOUNDATION V1.5M.,EA,,,,,,,33280,45530,38500,40130
9060060005,F9/4 SINGLE POLE FOUNDATION V2.0M.,EA,,,,,,,36160,49480,41840,43640
9060060006,F9/5 SINGLE POLE FOUNDATION V2.5M.,EA,,,,,,,39020,53410,45150,47130
9060060007,F9/6 SINGLE POLE FOUNDATION V3.0M.,EA,,,,,,,41940,57400,48540,50680
9060070001,F10 DOUBLE POLE FOUNDATION V0.0M.,EA,,,,,,,39230,53490,45550,47560
9060070002,F10/1 DOUBLE POLE FOUNDATION V0.5M.,EA,,,,,,,43340,59150,50230,52600
9060070003,F10/2 DOUBLE POLE FOUNDATION V1.0M.,EA,,,,,,,47580,64920,55080,57770
9060070004,F10/3 DOUBLE POLE FOUNDATION V1.5M.,EA,,,,,,,51730,70610,59820,62850
9060070005,F10/4 DOUBLE POLE FOUNDATION V2.0M.,EA,,,,,,,55930,76340,64600,67970
9060070006,F10/5 DOUBLE POLE FOUNDATION V2.5M.,EA,,,,,,,60080,82030,69340,73050
9060070007,F10/6 DOUBLE POLE FOUNDATION V3.0M.,EA,,,,,,,64390,87910,74270,78330
9060080001,DP FOUND.D-10B* (NO PILE) IB1-017/23059*,PAK,,6900,,,,,,,,
9060080002,DP FOUNDATION (NO PILE) IB2-011/42005,PAK,,25350,,,,,,,,
9060080003,DP FOUNDATION(6 PILE)IB2-011/42007,PAK,,54470,,,,,,,,
9060080004,DP FOUNDATION V 0.5 M.IB2-011/42015,PAK,,41000,,,,,,,,
9060080005,DP FOUNDATION V 1.0 M.IB2-011/42015,PAK,,43820,,,,,,,,
9060080006,DP FOUNDATION V 1.5 M.IB2-011/42015,PAK,,46630,,,,,,,,
9060080007,DP FOUNDATION V 2.0 M.IB2-011/42015,PAK,,49450,,,,,,,,
9060080008,DP FOUNDATION V 2.5 M.IB2-011/42015,PAK,,52260,,,,,,,,
9060080009,DP FOUNDATION V 3.0 M.IB2-011/42015,PAK,,55080,,,,,,,,
9060080010,DP FOUNDATION V 0/1.0 M.IB2-011/42015,PAK,,28500,,,,,,,,
9060080012,DP FOUNDATION V 0/2.0 M.IB2-011/42015,PAK,,34130,,,,,,,,
9060080013,DP FOUNDATION V 0/2.75M.IB2-011/42015,PAK,,38190,,,,,,,,
9060080014,DP FOUNDATION V 0.0 M.IB2-011/42018,PAK,,71070,,,,,,,,
9060080015,DP FOUNDATION V 0.5 M.IB2-011/42018,PAK,,73890,,,,,,,,
9060080016,DP FOUNDATION V 1.0 M.IB2-011/42018,PAK,,76700,,,,,,,,
9060080017,DP FOUNDATION V 1.5 M.IB2-011/42018,PAK,,79520,,,,,,,,
9060080018,DP FOUNDATION V 2.0 M.IB2-011/42018,PAK,,82330,,,,,,,,
9060080019,DP FOUNDATION V 2.5 M.IB2-011/42018,PAK,,85150,,,,,,,,
9060080020,DP FOUNDATION V 3.0 M.IB2-011/42018,PAK,,87960,,,,,,,,
9060080021,DP FOUNDATION V 0/1.5 M.IB2-011/42015,PAK,,31310,,,,,,,,
9060080022,DP FND.22m.H-FRAM IB1-015/25045,PAK,,13510,,,,,,,,
9060080023,DP FND. D-10B(6 PILE) IB1-015/240026,PAK,,49220,,,,,,,,
9060080024,DP FND. D-10B (NO PILE) IB1-015/23074,PAK,,8679,,,,,,,,
9060080025,DP FND D-10D (NO PILE) IB1-018/36012,PAK,,17490,,,,,,,,
9060080026,DP FND(NO PILE) V 0-1 M.IB1-018/37029,PAK,,35960,,,,,,,,
9060080027,DP FND(NO PILE) V 0-2 M.IB1-018/37029,PAK,,41030,,,,,,,,
9060080028,DP FND(NO PILE) V 0-3 M.IB1-018/37029,PAK,,46100,,,,,,,,
9060080029,DP FND(8-PILE) V 0-1 M.IB1-018/37039,PAK,,76290,,,,,,,,
9060080030,DP FND(8-PILE) V 0-3 M.IB1-018/37039,PAK,,87050,,,,,,,,
9060080031,DP FND. D-10F (NOPILE) SA1-015/40010,PAK,,20650,,,,,,,,
9060080032,DP FND. D-10F (6 PILE) SA1-015/40010,PAK,,57420,,,,,,,,
9060090001,MDB FOUNDATION,PAK,,4790,,,,,,,,
9060090002,FOUNDATION COMPACT EN.CBS150X300X450MM,PAK,,3200,,,,,,,,
9060090003,"FOUNDATION,METER INSTALLATION",PAK,,4890,,,,,,,,
9060090004,SP FOUNDATION.22 m.(2PILE)IB4-011/46001,PAK,,17110,,,,,,,,
9060090005,SP.FOUNDATION 22 m.(4 PILE)IB4-011/46002,PAK,,33590,,,,,,,,
9060090006,F8(V0.0)SP FOUND. V0.0M.IB2-011/44019,PAK,,36680,,,,,,,,
9060090007,F8(V0.5)SP FOUND. V 0.5 M.IB2-011/44019,PAK,,39060,,,,,,,,
9060090008,F8(V1.0)SP FOUND.V 1.0 M.IB2-011/44019,PAK,,41430,,,,,,,,
9060090009,F8(V1.5)SP FOUND.V 1.5 M.IB2-011/44019,PAK,,43810,,,,,,,,
9060090010,SP FOUND. D-10A*(NO PILE)IB1-017/23058*,PAK,,4930,,,,,,,,
9060090013,SP FOUNDATION(NO PILE)IB2-011/42003,PAK,,13250,,,,,,,,
9060090014,SP FOUNDATION(3 PILE)IB2-011/42006,PAK,,30580,,,,,,,,
9060090015,SP FOUNDATION(2 PILE)IB2-011/42008,PAK,,23940,,,,,,,,
9060090016,SP FOUNDATION(NO PILE)IB2-011/42009,PAK,,12890,,,,,,,,
9060090017,SP FOUNDATION V 0.5 M.IB2-011/42014,PAK,,24280,,,,,,,,
9060090018,SP FOUNDATION V 1.0 M.IB2-011/42014,PAK,,26180,,,,,,,,
9060090019,SP FOUNDATION V 1.5 M.IB2-011/42014,PAK,,28080,,,,,,,,
9060090020,SP FOUNDATION V 2.0 M.IB2-011/42014,PAK,,29980,,,,,,,,
9060090021,SP FOUNDATION V 2.5 M.IB2-011/42014,PAK,,31880,,,,,,,,
9060090022,SP FOUNDATION V 3.0 M.IB2-011/42014,PAK,,33780,,,,,,,,
9060090023,SP FOUNDATION V 0/1.0 M.IB2-011/42014,PAK,,15640,,,,,,,,
9060090024,SP FOUNDATION V 0/1.5 M.IB2-011/42014,PAK,,17540,,,,,,,,
9060090025,SP FOUNDATION V 0/2.0 M IB2-011/42014,PAK,,19440,,,,,,,,
9060090026,SP FOUNDATION V 0/2.75M.IB2-011/42014,PAK,,22380,,,,,,,,
9060090027,SP FOUNDATION V 0.0 M.IB2-011/42016,PAK,,31400,,,,,,,,
9060090028,SP FOUNDATION V 0.5 M.IB2-011/42016,PAK,,33230,,,,,,,,
9060090029,SP FOUNDATION V 1.0 M.IB2-011/42016,PAK,,35050,,,,,,,,
9060090030,SP FOUNDATION V 1.5 M.IB2-011/42016,PAK,,36880,,,,,,,,
9060090031,SP FOUNDATION V 2.0 M.IB2-011/42016,PAK,,38700,,,,,,,,
9060090032,SP FOUNDATION V 2.5 M.IB2-011/42016,PAK,,40530,,,,,,,,
9060090033,SP FOUNDATION V 3.0 M.IB2-011/42016,PAK,,42350,,,,,,,,
9060090034,SP FOUNDATION V 0.0 M.IB2-011/42017,PAK,,38320,,,,,,,,
9060090035,SP FOUNDATION V 0.5 M.IB2-011/42017,PAK,,40220,,,,,,,,
9060090036,SP FOUNDATION V 1.0 M.IB2-011/42017,PAK,,42120,,,,,,,,
9060090037,SP FOUNDATION V 1.5 M.IB2-011/42017,PAK,,44020,,,,,,,,
9060090038,SP FOUNDATION V 2.0 M.IB2-011/42017,PAK,,45920,,,,,,,,
9060090039,SP FOUNDATION V 2.5 M.IB2-011/42017,PAK,,47820,,,,,,,,
9060090040,SP FOUNDATION V 3.0 M.IB2-011/42017,PAK,,49720,,,,,,,,
9060090041,SP FOUNDATION (2 PILE) IB1-018/33012,PAK,,26450,,,,,,,,
9060090042,SP FND. D-10A(NO-PILE)IB1-015/23073,PAK,,4433,,,,,,,,
9060090043,SP FND. D-10A (3 PILE) IB1-015/240025,PAK,,27130,,,,,,,,
9060090044,SP FND. D-10D (NO-PILE) IB1-018/36001,PAK,,13200,,,,,,,,
9060090045,SP FND. D-10D (NO-PILE) IB1-018/36003,PAK,,12440,,,,,,,,
9060090046,SP FND.(NO PILE) V 0-1 M.IB1-018/37028,PAK,,24130,,,,,,,,
9060090047,SP FND.(NO PILE) V 0-2 M.IB1-018/37028,PAK,,27650,,,,,,,,
9060090048,SP FND.(NO PILE) V 0-3 M.IB1-018/37028,PAK,,31170,,,,,,,,
9060090049,SP FND.(3-PILE) V 0-1 M.IB1-018/37031,PAK,,34200,,,,,,,,
9060090050,SP FND.(3-PILE) V 0-2 M.IB1-018/37031,PAK,,37770,,,,,,,,
9060090051,SP FND.(3-PILE) V 0-3 M.IB1-018/37031,PAK,,41340,,,,,,,,
9060090052,SP FND.(4-PILE) V 0-1 M.IB1-018/37032,PAK,,40370,,,,,,,,
9060090053,SP FND.(4-PILE) V 0-2 M.IB1-018/37032,PAK,,43940,,,,,,,,
9060090054,SP FND.(4-PILE) V 0-3 M.IB1-018/37032,PAK,,47510,,,,,,,,
9060090055,SP FND. D-10F (NO PILE) SA1-015/40010,PAK,,13160,,,,,,,,
9060100001,ฐานรากเสา คอร.(H-FRAM) SA1-015/20034,PAK,,4650,,,,,,,,
9060100002,ฐานรากเสา คอร.(H-FRAM) SA1-015/21038,PAK,,4650,,,,,,,,
9060110001,COMPACT STATION FOUNDATION,PAK,,38800,,,,,,,,
9060110002,"COMPACT STATION, 3SW 1F, TR 500",PAK,,141900,,,,,,,,
9060110003,"COMPACT STATION, 3SW 1F, TR 630",PAK,,144600,,,,,,,,
9060110004,"COMPACT STATION, 3SW 2F, TR 500",PAK,,155800,,,,,,,,
9070010001,A1 CONCRETE ANCHOR (1 PILE),EA,,7513,,,,,,,,
9070010002,A2 CONCRETE ANCHOR (3 PILES),EA,,,,,,,13480,17390,14270,15780
9070010003,A3 CONCRETE ANCHOR IB2-011/42012,EA,,,,,,,30820,40880,32410,37790
9070010004,A4 CONCRETE ANCHOR IB2-011/42013,EA,,9150,,,,,,,,
9070020001,"CONCRETE BLOCK, 20X40X7 CM.",EA,,5,,,,,,,,
9070020002,CONCRETE ANCHOR (NO PILE) IB2-011/42012*,PAK,,22520,,,,,,,,
9070020003,CONCR. ANC.D-9A ( 3-PILE) IB1-015/240027,PAK,,23230,,,,,,,,
9070020004,CONCR.ANC. D-9B ( 3-PILE) IB1-015/240027,PAK,,23130,,,,,,,,
9070020005,CONCR.ANC. D-9A (NO PILE) IB1-015/240028,PAK,,21750,,,,,,,,
9070020006,CONCR.ANC. D-9B (NO PILE) IB1-015/240028,PAK,,21650,,,,,,,,
9070020007,CONCR.ANC. D-9D ( 1-PILE) IB1-015/31028,PAK,,7961,,,,,,,,
9070020008,CONCR.ANC. D-9C (NO PILE) IB1-015/31022,PAK,,6440,,,,,,,,
9070020009,CONCR.ANC. D-9G (NO PILE) SA1-015/40008,PAK,,18600,,,,,,,,
9070020010,CONCR.ANC. D-9H (NO PILE) SA1-015/40008,PAK,,18610,,,,,,,,
9070020011,CONCR.ANC. D-9I (NO PILE) SA1-015/40009,PAK,,6613,,,,,,,,
9080010001,TRANSFORMER FOUNDATION(1.5X2.5M.),EA,,2700,,,,,,,,
9080010002,TRANSFORMER FOUNDATION(2.0X3.0M.),EA,,4216,,,,,,,,
9080010003,TRANSFORMER FOUNDATION(2.5X3.5M.),EA,,6243,,,,,,,,
9080010004,TRANSFORMER FOUNDATION(1.1X1.4M.),EA,,1503,,,,,,,,
9080010005,"TRANSFORMER FOUNDATION 2,500 KVA",EA,,9391,,,,,,,,
9080010006,"TRANSFORMER FOUNDATION 3,000 KVA",EA,,17350,,,,,,,,
9080020001,TRANSFORMER WIRE-MESH FENCE 4.0X4.5M,EA,,21130,,,,,,,,
9080020002,TRANSFORMER WIRE-MESH FENCE 4.5X4.5M,EA,,21980,,,,,,,,
9080020003,TRANSFORMER WIRE-MESH FENCE 5.0X5.0M,EA,,23020,,,,,,,,
9080020004,TRANSFORMER WIRE-MESH FENCE 4.0X7.0M,EA,,25400,,,,,,,,
9080020005,TRANSFORMER WIRE-MESH FENCE 4.5X8.0M,EA,,26860,,,,,,,,
9080020006,TRANSFORMER WIRE-MESH FENCE 5.0X9.0M,EA,,28410,,,,,,,,
9080020007,TRANSFORMER WIRE-MESH FENCE 6.0X6.0M,EA,,24910,,,,,,,,
9080030001,BUSHING FOR ESC 32 MM.,EA,,11.5,,,,,,,,
9080030002,BUSHING FOR RSC CONDUIT DIA 32 MM,EA,,10,,,,,,,,
9080030003,BUSHING FOR RSC CONDUIT DIA 38 MM,EA,,13,,,,,,,,
9080030004,BUSHING FOR RSC CONDUIT DIA 75 MM,EA,,40,,,,,,,,
9080040001,"CIRCUIT BREAKER, 400 AT.3P,30 KA 415 V",EA,,20000,,,,,,,,
9080040002,"CIRCUIT BREAKER, 100 AT,3P,18 KA 415 V",EA,,4600,,,,,,,,
9080040003,"CIRCUIT BREAKER, 50 AT,3P,18 KA 415 V",EA,,4600,,,,,,,,
9080040004,"CIRCUIT BREAKER, 30 AT,3P,18 KA 415 V",EA,,4600,,,,,,,,
9090010001,"STEEL,ANGLE, 65X65X6 MM,250 MM. LONG",EA,,1200,,,,,,,,
9090010002,PLUG BOLT M.8,PAK,,25,,,,,,,,
9090010003,PLUG BOLT M.10,PAK,,30,,,,,,,,
9090010004,REINFOR. CONC. FOUNDATION & BASE BOLT,PAK,,4550,,,,,,,,
9090010005,"SET OF LUMI.,FOR MERCURY VAPO, 250 W.",PAK,,7500,,,,,,,,
9090010006,"ST. CHANNEL 150X75X6.5 MM, 7.40 M LONG",EA,,2738,,,,,,,,
9090010007,SAFETY SWITCH 60 A. 240 V. 2 POLE,PAK,,3800,,,,,,,,
9090010008,BOLT-ON-HUB DIA. 25 MM.,PAK,,170,,,,,,,,
9090010009,LOCK NUT DIA. 25 MM.,EA,,3.45,,,,,,,,
9090010010,"RSC ELBOW, DIA 25 MM.",EA,,72.4,,,,,,,,
9090010011,"BUSHING FOR RSC CONDUIT, DIA 25 MM.",EA,,6.84,,,,,,,,
9090010012,"RSC CONDUIT, DIA 25 MM. 3 M.",EA,,523,,,,,,,,
9090010013,SERVICE ENTRANCE CAPS DIA. 25 MM.,EA,,69,,,,,,,,
9090010014,"SUP.STRU.FOR MOU:UG TERMINAT,LIGHT AR",PAK,,14710,,,,,,,,
9090010015,TERMINATOR FOR 115 KV XLPE CU CABLE,PAK,,200200,,,,,,,,
9090010016,CABLESTRAP( WOOD) UG CAB.1X800 SQ.mm,PAK,,990,,,,,,,,
9090010017,VIB.DAMP.DUMB. BARE AL.COND.400 SQMM.,EA,,300,,,,,,,,
9090010018,VIB.DAMP.DUMB.FOR STRA.WIRE35SQMM.,EA,,150,,,,,,,,
9090010019,WOOD PILE,EA,,500,,,,,,,,
9090010020,"STEEL ANGLE 75X75X6 MM, 4.83 M LONG",EA,,902,,,,,,,,
9090010021,LIGHTNING ARRESTER 96 KV 5 KA,PAK,,109000,,,,,,,,
9090010022,CABLE PLATE (HARD WOOD) 300X200X20 MM.,EA,,88,,,,,,,,
9090010023,"CAB.PLUG,NEMA HOLE,10SQ.MM. CU",EA,,21.5,,,,,,,,
9090010024,"STEEL 9 MM.,750 MM.LONG",EA,,10,,,,,,,,
9090010025,CONCRETE 1/3/5,EA,,2100,,,,,,,,
9090010026,CONCRETE 1/3 (50 KG./SET),PAK,,155,,,,,,,,
9090010027,SAND,EA,,325,,,,,,,,
9090010028,COMPACTED  STONE,EA,,395,,,,,,,,
9090010035,คอมปาวด์ช่วยการสัมผัสทางไฟฟ้า,KG,,156,,,,,,,,
9090010037,CONCRETE 1/2/4,EA,,2300,,,,,,,,
9090010038,"O/H G/W BAYONET,STL 125X44X4.7,3000 MM.",EA,,1000,,,,,,,,
9090010039,"CONDUCTOR,A < 25 SQ.MM.",M,,11.1,,,,,,,,
9090010040,SET OF HIGH PRES. MERCURY LUMI. 1X125 W.,PAK,,4775,,,,,,,,
9090010041,TAPE.ST.ROUND POLE DOUB.BRACKET  7.00 M,PAK,,4800,,,,,,,,
9090010042,TAPER.ST.ROUND POLE SING.BRACKET  7.00 M,PAK,,4800,,,,,,,,
9090010043,"MER.CONTA.,STRE.LIGHT.CONTR.REL.220V60A",PAK,,7800,,,,,,,,
9090010044,"TRAN.SW.DB.THROW-NOT FUS.,3-P600V200A OD",PAK,,60000,,,,,,,,
9090010045,LOCK NUT 32 MM.,EA,,5.46,,,,,,,,
9090010046,BOLT-ON-HUB 32 MM.,PAK,,200,,,,,,,,
9090010047,C-CHANNEL FOR CON SUPPORT 40X1200X25 MM.,EA,,110,,,,,,,,
9090010049,"MDB,BUSBAR400A,MT&ACS800X1000X1800MM EN.",EA,,28000,,,,,,,,
9090010050,LOCK NUT 75 MM,EA,,26,,,,,,,,
9090010051,"FUSE LINK FOR SAFTY SWITCH, 200 A,600 V",EA,,65,,,,,,,,
9090010052,U-CLAMP FOR RSC CONDUIT DIA 75 MM,EA,,30,,,,,,,,
9090010053,SILICONE RUBBER,EA,,300,,,,,,,,
9090010054,RACKET FOR LT CAP.INST.,PAK,,1500,,,,,,,,
9090010055,"COUPLING,FOR RSC CONDUIT DIA 110 MM",EA,,195,,,,,,,,
9090010056,"TERMINATION,OUTDOOR,3X240 SQ.MM.,33 KV",PAK,,37800,,,,,,,,
9090010057,WARN.TAPE BURIED ELECTRIC CAB.15X1000 M,EA,,3500,,,,,,,,
9090010058,U-BLOCK FOR 2X1 BURIED ELECTRIC CONDUIT,PAK,,155,,,,,,,,
9090010059,"COMPACT ENC.CBS,O/D, 150X300X450 MM",PAK,,1460,,,,,,,,
9090010060,COUPLING CONNECTOR DIA.75MM.,EA,,112,,,,,,,,
9090010061,SUPP.STR.MOUNT.UG TER.LIGHT.AR.(SD-UG-3),PAK,,47960,,,,,,,,
9090010062,TERMINATION KIT O/D FOR 70 SQ.MM 22 KV,PAK,,7350,,,,,,,,
9090010063,"LIGHTING,WALKING,900 MM HEIGH",EA,,22400,,,,,,,,
9090010064,TERMINATION KIT 240 SQ.MM(ABB-RGCC),PAK,,10500,,,,,,,,
9090010065,TERMINATION KIT 70 SQ.MM(ABB-RGCV),PAK,,10000,,,,,,,,
9090010066,TERMINATION KIT 70 SQ.MM(ABB-RGCF),PAK,,5000,,,,,,,,
9090010067,MOUNT. ASC.DISCONECT. SWITCH,PAK,,600,,,,,,,,
9090010068,CONTROL UNIT AUTO.CAPA.BANK SW.,PAK,,13490,,,,,,,,
9090010069,"MT,DM,2-RATE TAR.,3P,4W,220/380 V.,5 A.",PAK,,2000,,,,,,,,
9090010070,"PREF.DEAD END, AR.CABLE,33 KV.50 SQ.MM.",PAK,,459,,,,,,,,
9090010071,"PREF.DEAD END,AR.CABLE,33 KV.240 SQ.MM.",PAK,,624,,,,,,,,
9090010072,SPLIC.KIT FOR UG. CABLE 1X70 SQ.MM 22 KV,PAK,,3459,,,,,,,,
9090010073,AIRSEAL COMPOUND,PAK,,154,,,,,,,,
9090010074,DISTRIBUTION BOX FOUNDATION,PAK,,11000,,,,,,,,
9090010075,DISTRIBUTION BOX TYPE 1,PAK,,114300,,,,,,,,
9090010076,DISTRIBUTION BOX TYPE 3,PAK,,45000,,,,,,,,
9090010077,"BR.ST.ANG.75X75X6MM.(SD-UG-2,SD-UG-3)",EA,,1124,,,,,,,,
9090010078,"RIS.POLE 22 KV, AT 12.00 M. OR 12.20 M.",PAK,,42000,,,,,,,,
9090011000,"WELDING POWDER,FOR CU 95 SQ.MM. TO GD",EA,,126,,,,,,,,
9090011001,"WELDING POWDER,FOR CU 95 SQ.MM.,HOR. ST",EA,,144,,,,,,,,
9090011002,"WELDING POWDER,FOR CU 95 SQ.MM. RUN&TAP",EA,,159,,,,,,,,
9090011003,"WELDING POWDER,FOR CU 95 SQ.MM.,VER. ST",EA,,248,,,,,,,,
9090011004,"WELDING POWDER,FOR CU 95 SQ.MM. ACROSS",EA,,238,,,,,,,,
9090011005,"WELDING POWDER,CU 95 SQ.MM.,SPLICE",EA,,126,,,,,,,,
9090011006,"WELDING POWDER,CU 95 SQ.MM. ANG. TAP",EA,,159,,,,,,,,
9090011007,"WELDING POWDER, ST. WIRE 50 SQ.MM. TO GD",EA,,103,,,,,,,,